TB_BI,

noun1,noun2,normed_freq
cell,wall,0.3
body,size,0.3
body,sites,0.3
water,quality,0.3
cell,body,0.23
complement,system,0.23
cell,types,0.23
butt,swell,0.15
cap,fig,0.15
areas,others,0.15
mycorrhizal,forms,0.15
cancer,cells,0.15
earth’s,environment,0.15
salmonella,numbers,0.15
carbon,sources,0.15
amino,acids,0.15
fermentation,industries,0.15
end,products,0.15
plasma,membrane,0.15
et,al,0.15
colorless,cryptophyte,0.15
type,allele,0.15
population,size,0.15
culture,medium,0.15
water,availability,0.15
plant,species,0.15
land,use,0.15
state,variables,0.15
section,section,0.15
conductive,properties,0.15
sensory,capabilities,0.15
action,potentials,0.15
larvae,juveniles,0.15
probability,distributions,0.15
identification,keys,0.08
radford,radford,0.08
zomiefer,sizes,0.08
mature,trees,0.08
trees,sizes,0.08
altitudes,foresters,0.08
ground,dbh,0.08
trunk,size,0.08
swell,avery,0.08
leaves,twigs,0.08
parts,habit,0.08
habit,trees,0.08
oak,lombardy,0.08
lombardy,poplar,0.08
grown,specimens,0.08
side,branches,0.08
growth,form,0.08
wood,trees,0.08
tall,flowering,0.08
flowering,stalk,0.08
treelike,yuccas,0.08
orthotropic,branches,0.08
plagiotropic,branches,0.08
phylum,basidiomycota,0.08
basidiomycota,order,0.08
mushrooms,introduction,0.08
introduction,occurrence,0.08
order,agaricales,0.08
term,toadstool,0.08
discussion,mushrooms,0.08
type,see,0.08
fig,agaricales,0.08
death,cup,0.08
cup,amanita,0.08
mane,coprinus,0.08
jack,o',0.08
omphalotus,olearius,0.08
honey,mushroom,0.08
mushroom,armillaria,0.08
armillaria,mellea,0.08
hobby,mycologists,0.08
mushroom,manuals,0.08
dr,smith,0.08
collector's,item,0.08
color,stereophotographs,0.08
group,agarics,0.08
habitat,mushrooms,0.08
substrate,basidiocarps,0.08
forms,others,0.08
evening,watch,0.08
space,move,0.08
living,thing,0.08
dense,volume,0.08
time,zero,0.08
dense,state,0.08
radio,telescopes,0.08
background,radiation,0.08
years,stars,0.08
life,history,0.08
stardust,memories,0.08
space,telescope,0.08
dust,clouds,0.08
orion,serpens,0.08
disease,humans,0.08
disease,studies,0.08
life,threatening,0.08
cholera,chancroid,0.08
animal,model,0.08
intervention,trials,0.08
zidovudine,azt,0.08
azt,therapy,0.08
immunodeficiency,virus,0.08
virus,hiv,0.08
term,azt,0.08
azt,regimen,0.08
controversy,arose,0.08
control,group,0.08
trial,group,0.08
term,course,0.08
test,design,0.08
course,scientists,0.08
course,trial,0.08
tuskegee,syphilis,0.08
syphilis,experiment,0.08
trial,men,0.08
course,box,0.08
disease,hospital,0.08
hospital,study,0.08
willowbrook,state,0.08
state,school,0.08
hepatitis,virus,0.08
research,subjects,0.08
beneficence,maximize,0.08
maximize,benefit,0.08
risk,distribution,0.08
human,activities,0.08
forces,humans,0.08
burn,gardens,0.08
hunter,gatherer,0.08
gatherer,societies,0.08
outer,crust,0.08
surface,layer,0.08
molten,rock,0.08
mountain,ranges,0.08
chemical,elements,0.08
year,period,0.08
living,world,0.08
planet’s,environment,0.08
plant,life,0.08
earth’s,development,0.08
development,sediments,0.08
mountain,uplift,0.08
cycling,phenomenon,0.08
moscow,university,0.08
wastewater,treatment,0.08
treatment,plants,0.08
bacteria,others,0.08
mycobacterium,avium,0.08
avium,aeromonas,0.08
host,cells,0.08
group,specifi,0.08
specifi,primers,0.08
predominant,bacteria,0.08
group,bifi,0.08
bifi,dobacterium,0.08
dobacterium,clostridium,0.08
clostridium,coccoides,0.08
coccoides,group,0.08
prevotella,matsuki,0.08
al,wastewater,0.08
wastewater,bacteria,0.08
groups,dott,0.08
shigella,gram,0.08
non,spore,0.08
stretton,dean,0.08
al,sobsey,0.08
olson,theron,0.08
fever,cholera,0.08
wastewater,salmonella,0.08
salmonella,salmonellae,0.08
wastewater,range,0.08
cause,typhoid,0.08
paratyphoid,fever,0.08
gastroenteritis,salmonella,0.08
countries,jimenez,0.08
salmonella,infections,0.08
states,salmonellosis,0.08
food,contamination,0.08
drinking,water,0.08
concern,typhi,0.08
water,treatment,0.08
chlorination,fi,0.08
fi,ltration,0.08
antibiotics,sterritt,0.08
mycology,mycology,0.08
tinder,medicinals,0.08
food,beer,0.08
beer,wine,0.08
wine,cheese,0.08
plant,diseases,0.08
plant,pathogens,0.08
botany,fungi,0.08
pioneer,mycologists,0.08
magnus,fries,0.08
hendrik,persoon,0.08
persoon,anton,0.08
von,schweinitz,0.08
schweinitz,today,0.08
model,organisms,0.08
organisms,saccharomyces,0.08
saccharomyces,cerevisiae,0.08
schizosa,ccharomyces,0.08
toxins,antibiotics,0.08
cosmopolitan,worldwide,0.08
worldwide,genus,0.08
genus,fusarium,0.08
toxic,aleukia,0.08
abraham,joffe,0.08
joffe,fungi,0.08
lichens,potency,0.08
carbon,cycle,0.08
cycle,fungi,0.08
cause,diseases,0.08
elm,disease,0.08
rice,blast,0.08
blast,structure,0.08
microorganisms,fungi,0.08
yeasts,molds,0.08
diseases,yeasts,0.08
contrast,occur,0.08
extension,hyphae,0.08
size,fungi,0.08
wall,plasma,0.08
plasma,membranes,0.08
sterol,ergosterol,0.08
ergosterol,rrna,0.08
tubulin,fungi,0.08
carbon,needs,0.08
carbohydrates,lipids,0.08
proteins,lipids,0.08
energy,differences,0.08
sugar,alcohols,0.08
proteins,purines,0.08
acids,glucosamine,0.08
use,nitrate,0.08
services,table,0.08
mass,cultivation,0.08
cultivation,speed,0.08
growth,use,0.08
cheap,substrates,0.08
beverage,fermentations,0.08
random,screening,0.08
culture,collections,0.08
strain,improvement,0.08
improvement,strategies,0.08
engineering,technology,0.08
use,fermentation,0.08
food,products,0.08
product,approval,0.08
microorganisms,gmms,0.08
producer,organism,0.08
safety,measures,0.08
containment,facilities,0.08
‘crippled’,strains,0.08
fermenter,environment,0.08
chapter,isolation,0.08
environment,strategies,0.08
shotgun,approach,0.08
approach,samples,0.08
living,microorganisms,0.08
plant,material,0.08
material,soil,0.08
soil,sewage,0.08
sewage,water,0.08
waste,streams,0.08
target,compound,0.08
compound,sites,0.08
growth,media,0.08
cultivation,conditions,0.08
shorthand,expression,0.08
number,measures,0.08
difference,dissimilarity,0.08
example,species,0.08
species,places,0.08
places,emphasis,0.08
measure,fig,0.08
biochemistry,biogeography,0.08
history,genetics,0.08
genetics,morphology,0.08
decomposer,predator,0.08
cf,table,0.08
example,closer,0.08
abundance,elephants,0.08
ways,none,0.08
body,mass,0.08
determinants,number,0.08
clothing,housing,0.08
air,conditioning,0.08
mucosal,surfaces,0.08
respiratory,system,0.08
composition,water,0.08
water,activity,0.08
activity,salinity,0.08
temperature,range,0.08
range,°c,0.08
growth,temperature,0.08
temperature,change,0.08
humidity,changes,0.08
duodenum,caecum,0.08
alkaline,environments,0.08
tear,film,0.08
growth,microbes,0.08
acidophiles,neutrophiles,0.08
alkaliphiles,acidophiles,0.08
ph,range,0.08
metabolism,streptococci,0.08
streptococci,lactobacilli,0.08
cryptophyta,cryptophyceae,0.08
freshwater,environments,0.08
asymmetric,cell,0.08
cell,shape,0.08
shape,results,0.08
pyrenoid,cell,0.08
cell,structure,0.08
row,heath,0.08
al,kugrens,0.08
nm,diameter,0.08
scales,fig,0.08
body,lee,0.08
periplast,gantt,0.08
membrane,figs,0.08
figs,kugrens,0.08
periplast,plates,0.08
area,adjacent,0.08
vestibulum,brett,0.08
cell,giroldo,0.08
cryptomonad,goniomonas,0.08
alga,kugrens,0.08
liaud,et,0.08
chloroplast,envelope,0.08
envelope,fig,0.08
outer,membrane,0.08
genes,humans,0.08
chloroplast,douglas,0.08
al,cavalier,0.08
basal,body,0.08
body,replication,0.08
reticulum,mckerracher,0.08
figs,colorless,0.08
cryptophyte,chilomonas,0.08
chilomonas,fig,0.08
pairs,fig,0.08
thylakoids,chlorophylls,0.08
carotenoid,present,0.08
xanthophyll,diatoxanthin,0.08
food,microbiology,0.08
microbiology,past,0.08
gatherers,humans,0.08
societies,storage,0.08
storage,spoilage,0.08
preservation,methods,0.08
“turning,lemons,0.08
mucor,microscopic,0.08
microscopic,fungus,0.08
van,leeuwenhoek,0.08
leeuwenhoek,fig,0.08
crude,microscope,0.08
microscope,fig,0.08
hooke’s,design,0.08
pond,water,0.08
water,microbiology,0.08
microbiology,fig,0.08
mid,lazzaro,0.08
lazzaro,spallanzani,0.08
louis,pasteur’s,0.08
neck,flask”,0.08
flask”,experiment,0.08
food,nicolas,0.08
robert,koch,0.08
animal,ii,0.08
origin,microbiology,0.08
community,members,0.08
koch,laboratory,0.08
plating,method,0.08
method,gelatin,0.08
degrade,gelatin,0.08
gelatin,walter,0.08
walter,hesse,0.08
hesse,physician,0.08
koch,lab,0.08
wife,fanny,0.08
fanny,frau,0.08
frau,hesse,0.08
chance,effects,0.08
conservation,loss,0.08
beetle,populations,0.08
fixation,homozygosity,0.08
allele,none,0.08
fruit,flies,0.08
parent,population,0.08
population,replicate,0.08
base,population,0.08
reduces,heterozygosity,0.08
diversity,arises,0.08
generation,bottlenecks,0.08
mauritius,kestrel,0.08
kestrel,heterozygosity,0.08
pair,bottleneck,0.08
bottleneck,box,0.08
wildlife,populations,0.08
size,bottlenecks,0.08
durations,table,0.08
forces,strength,0.08
breaking,strength,0.08
wood,characteristic,0.08
sea,water,0.08
strength,properties,0.08
wood,woods,0.08
strength,characteristics,0.08
characteristics,forces,0.08
elasticity,flexibility,0.08
cell,cohesion,0.08
wood,reach,0.08
levels,deformation,0.08
strain,occurs,0.08
temperature,gradients,0.08
level,resistance,0.08
wall,material,0.08
material,cellulose,0.08
cellulose,lignin,0.08
wood,sample,0.08
cell,lumen,0.08
knots,checks,0.08
splits,reaction,0.08
reaction,wood,0.08
deformation,characteristics,0.08
term,stresses,0.08
wood,deformation,0.08
deformation,studies,0.08
wood,properties,0.08
examination,stiffness,0.08
breadth,depth,0.08
structure,stiffness,0.08
length,increases,0.08
stiffness,eightfold,0.08
sweat,sweat,0.08
salt,content,0.08
secretory,antibodies,0.08
surface,barriers,0.08
invading,microbe,0.08
cell,discharge,0.08
peroxide,radicals,0.08
killer,nk,0.08
nk,cells,0.08
recognition,signals,0.08
cell,lysis,0.08
word,opson,0.08
interferons,proteins,0.08
phase,proteins’,0.08
necrosis,factor,0.08
pathogens,fever,0.08
sewage,treatment,0.08
treatment,plant,0.08
swoboda,colberg,0.08
site,characteristics,0.08
chemical,treatment,0.08
chemical,treatments,0.08
piles,microorganisms,0.08
reports,wise,0.08
site,specific,0.08
environment,influence,0.08
cometabolism,halogen–,0.08
halogen–,carbon,0.08
carbon,bond,0.08
carbon,source,0.08
substrate,specificity,0.08
pure,cultures,0.08
hydrocarbon,metabolism,0.08
bacteria,chakrabarty,0.08
oil,spill,0.08
skin,elastin,0.08
skin,liver,0.08
lungs,achilles,0.08
achilles,tendons,0.08
havoc,elastin,0.08
turnover,rate,0.08
sun,damage—,0.08
diseases,elastosis,0.08
cross,linking,0.08
elastin,buschke,0.08
bone,disease,0.08
sideshow,performers,0.08
men,patients,0.08
stretch,marks,0.08
kligman,md,0.08
scientist,robert,0.08
robert,lavker,0.08
wrinkle,formation,0.08
formation,arrive,0.08
care,specialists,0.08
elastin,fibers,0.08
skin,droops,0.08
doughy,consistency,0.08
cell,culture,0.08
system,cells,0.08
meaning,‘in,0.08
‘in,glass’,0.08
medium,solution,0.08
fluid,environment,0.08
gas,exchange,0.08
gas,mixes,0.08
cell,type,0.08
vivo,co,0.08
co,cultures,0.08
culture,slice,0.08
slice,culture,0.08
culture,refers,0.08
mm,thick,0.08
slice,plane,0.08
culture,preparations,0.08
culture,technique,0.08
study,hodology,0.08
transport,mechanisms,0.08
axons,tracers,0.08
injury,tracers,0.08
form,dye,0.08
dye,crystal,0.08
pressure,injection,0.08
pipette,electrode,0.08
toxin,dextranbiotin,0.08
axon,terminals,0.08
wheat,germ,0.08
postmortem,tissue,0.08
macroor,microorganisms,0.08
biodiversity,ecologists,0.08
horner,devine,0.08
al,green,0.08
century,microbiologist,0.08
tobacco,mosaic,0.08
mosaic,disease,0.08
culture,chung,0.08
principle,‘‘everything,0.08
environment,selects’’,0.08
selects’’,o’malley,0.08
robert,jackson,0.08
section,challenge,0.08
scale,fierer,0.08
diversity,recall,0.08
availability,oxygen,0.08
oxygen,levels,0.08
nutrient,status,0.08
example,conservation,0.08
conservation,biologists,0.08
community,structure,0.08
der,putten,0.08
al,ecologists,0.08
term,effects,0.08
function,fraterrigo,0.08
fraterrigo,et,0.08
tillage,forest,0.08
forest,clearing,0.08
nitrogen,amino,0.08
ammonia,making,0.08
making,efforts,0.08
animal,biogeography,0.08
precipitation,millimeters,0.08
elevation,meters,0.08
book,readers,0.08
kilograms,meters,0.08
production,rate,0.08
measurement,campbell,0.08
campbell,cushman,0.08
conductivity,measurement,0.08
measurement,devices,0.08
computer,chips,0.08
chips,report,0.08
measurement,device,0.08
recursion,matters,0.08
step,lengths,0.08
lake,boundary,0.08
models,introduction,0.08
subsurface,wetland,0.08
model,description,0.08
phosphorus,concentrations,0.08
boxes,river,0.08
river,model,0.08
time,section,0.08
information,system,0.08
system,gis,0.08
gis,software,0.08
model,calculations,0.08
surface,modelling,0.08
modelling,tool,0.08
lattice,approach,0.08
model,ibm,0.08
individual,differences,0.08
forcing,functions,0.08
parameters,properties,0.08
electroreception,vision,0.08
vision,chemoreception,0.08
chemoreception,taste,0.08
pain,box,0.08
water’s,density,0.08
fishes,mechanoreception,0.08
water,fishes,0.08
mechanosensory,systems,0.08
line,system,0.08
summer’s,day,0.08
farmland,giant,0.08
gold,flecks,0.08
pool,hence,0.08
faster,water,0.08
cm,fish,0.08
habitats,word,0.08
environment,pools,0.08
opening,example,0.08
word,littoral,0.08
word,micro,0.08
micro,habitat,0.08
metres,scales,0.08
world,everything,0.08
speciation,rates,0.08
output,chapter,0.08
time,period,0.08
rain,today,0.08
rain,yesterday,0.08
day,day,0.08
days,increases,0.08
reason,statisticians,0.08
shorthand,algebra,0.08
seafloor,habitats,0.08
habitats,share,0.08
share,characteristics,0.08
physiologic,problems,0.08
land,habitat,0.08
series,intertidal,0.08
slope,depths,0.08
depths,abyssal,0.08
sea,level,0.08
sea,zone,0.08
area,fig,0.08
sea,sites,0.08
sea,sediments,0.08
kelp,forests,0.08
sea,floor,0.08
surface,food,0.08
food,accumulates,0.08
surface,production,0.08
water,column,0.08
habitats,temperatures,0.08
water,salinity,0.08
pressure,increases,0.08
wisconsin,glaciation,0.08
substrate,type,0.08
type,rock,0.08
particle,size,0.08
gravel,sand,0.08
clay,depth,0.08
depth,food,0.08
food,supply,0.08
supply,rock,0.08
rock,supports,0.08
supports,assemblages,0.08
