LY,

word,frequency
i'm,506
love,459
like,398
lyrics,348
know,334
time,277
want,236
one,235
song,224
see,215
way,204
think,199
i'll,195
never,190
take,189
back,185
say,176
oh,170
can't,168
sing,168
go,166
get,161
got,159
good,152
life,148
tell,147
&,145
i've,144
make,144
would,133
we're,131
little,130
heart,128
need,126
feel,125
world,121
come,119
still,117
c,116
let,116
wanna,116
long,114
girl,114
said,112
g,111
right,109
things,108
find,105
man,102
day,101
gonna,100
could,99
night,98
|,98
baby,96
something,96
away,91
well,90
yeah,89
mind,86
there's,85
ever,85
every,84
keep,82
us,82
even,81
f,81
home,81
live,81
i'd,79
that's,78
kind,77
eyes,77
much,76
really,76
around,73
seems,72
chorus,71
please,71
give,70
times,70
better,70
always,65
look,64
left,64
hear,64
gone,64
side,63
http,62
www,62
we'll,62
friends,62
best,60
ain't,60
people,59
thing,59
made,59
new,58
till,58
thought,57
bit,57
verse,56
put,56
nothing,56
first,56
road,56
ed,56
hard,55
'cause,55
words,54
try,54
free,54
ya,53
sheeran,53
e,52
hand,52
wait,52
used,51
everything,51
enough,51
mine,51
fall,50
another,50
care,49
mean,49
two,48
b,48
believe,48
floor,48
wrong,47
leave,47
em,46
last,46
stay,46
inside,45
com,44
help,44
tonight,43
might,43
maybe,43
break,43
end,42
trying,42
alone,42
sun,42
since,42
dark,41
going,41
someone,41
hold,41
friend,41
goodbye,41
may,40
name,40
cold,40
music,40
face,40
sleep,40
beautiful,40
light,40
die,40
living,40
without,39
death,39
came,38
top,38
easy,38
moment,37
show,37
cry,37
turn,37
u,37
deep,36
done,36
stop,36
head,36
gave,36
week,36
comes,35
we've,34
submit,34
corrections,34
street,34
fly,34
sometimes,34
makes,34
soon,34
alive,34
years,33
pain,33
hope,33
'cos,33
remember,33
dream,33
days,33
yes,33
true,33
read,33
la,33
morning,32
city,32
truth,32
wish,32
become,32
meaning,32
blue,31
call,31
lost,31
felt,31
black,31
place,31
feeling,31
ummmmm,31
close,30
watch,30
fight,30
fine,30
though,30
saw,29
cause,29
run,29
sky,29
they're,29
broken,29
feet,29
hurt,28
dead,28
change,28
he's,28
loved,28
start,28
smile,28
gotta,28
wanted,28
reviewer,28
took,27
far,27
bring,27
waiting,27
door,27
walk,27
less,27
songs,27
looking,27
kiss,27
luck,27
sure,26
understand,26
what's,26
coming,26
kill,26
miss,26
ask,26
magic,26
scary,26
move,25
drink,25
total,25
dm,25
knows,25
everyone,25
stand,25
obey,25
past,25
heard,25
touch,25
lives,25
found,24
let's,24
sorry,24
angels,24
beat,24
send,24
hate,24
standing,24
suffa,24
stuck,24
lie,23
c#m,23
listen,23
upon,23
burning,23
money,23
else,23
anymore,23
real,23
rate,23
tears,23
rock,23
views,23
popular,23
law,23
feels,23
needs,23
woman,22
seen,22
work,22
lot,22
lord,22
bad,22
play,22
high,22
god,22
tried,22
getting,22
seem,22
speak,22
body,22
mouth,22
enlarge,22
viewing,22
ideas,22
making,22
revolution,22
hands,21
hair,21
thinking,21
late,21
knew,21
went,21
perfect,21
forget,21
lay,21
house,21
sea,21
blood,21
cut,21
lose,21
speaking,21
three,20
along,20
yet,20
lights,20
air,20
breathe,20
dreams,20
ready,20
lies,20
soul,20
elyrics,20
net,20
falling,20
different,20
hell,20
pressure,20
amazing,19
use,19
boy,19
child,19
red,19
open,19
great,19
together,19
dance,19
n,19
next,19
yea,19
whole,18
moon,18
turning,18
old,18
talk,18
family,18
sound,18
forever,18
drunk,18
ground,18
praises,18
hey,18
trust,18
crazy,18
ball,18
son,18
cos,18
sitting,18
lyricsmode,17
thousand,17
missing,17
means,17
x,17
peace,17
tongues,17
asleep,17
jesus,17
town,17
shoulder,17
wife,17
running,17
line,17
mother,17
comment,17
blow,17
write,17
michael,17
leaving,17
died,17
outside,17
guess,16
breath,16
matter,16
singing,16
alright,16
rain,16
wonder,16
needed,16
big,16
turned,16
fell,16
fire,16
wake,16
part,16
pick,16
must,16
person,16
faith,16
general,16
told,16
everybody,16
reality,16
penny,16
saying,16
hurts,16
weeks,16
playing,16
cross,16
honey,15
looked,15
strong,15
arms,15
clear,15
tune,15
meet,15
children,15
young,15
keeping,15
sex,15
set,15
today,15
fake,15
stars,15
somebody,15
resolute,15
burn,15
pretty,15
wind,15
afford,15
bottom,15
chance,15
sofa,15
sad,14
clouds,14
feelings,14
straight,14
scream,14
million,14
half,14
earth,14
brought,14
room,14
lips,14
laugh,14
deity,14
rest,14
met,14
stranger,14
father,14
fast,14
calls,14
taking,14
track,14
year,14
movie,14
spit,14
darkest,14
kept,13
happy,13
\\,13
key,13
sweet,13
lonely,13
working,13
beside,13
fool,13
hundred,13
nobody,13
shall,13
land,13
memory,13
doubt,13
many,13
shit,13
bird,13
phone,13
future,13
low,13
ah,13
lyricsfreak,13
already,13
word,13
shame,13
whether,13
ooh,13
wrecking,13
swallowed,13
slowly,13
sleeps,13
failed,13
hello,12
breakin',12
band,12
water,12
worst,12
written,12
across,12
tree,12
sit,12
bright,12
rise,12
st,12
youth,12
he'll,12
point,12
learn,12
hide,12
anything,12
somewhere,12
pink,12
broke,12
train,12
filled,12
orleans,12
page,12
control,12
asking,12
loving,12
voice,12
behind,12
anonymous,12
barber,12
televised,12
darling,12
golden,12
small,11
storm,11
bridge,11
step,11
called,11
click,11
memories,11
win,11
bones,11
dear,11
nights,11
minute,11
skin,11
ones,11
misery,11
rather,11
praise,11
hearts,11
losing,11
taken,11
freedom,11
cool,11
im,11
doors,11
mic,11
eye,11
goin',11
grow,11
loose,11
born,11
pictures,11
shine,11
school,11
'em,11
white,11
lungs,11
underneath,11
whoa,11
kissing,11
dies,11
sight,10
share,10
kissed,10
heartache,10
full,10
king,10
tight,10
george,10
colour,10
praying,10
spend,10
worth,10
eat,10
sense,10
type,10
hang,10
dawn,10
anyone,10
lover,10
empty,10
bed,10
loves,10
hidden,10
leads,10
strings,10
roll,10
catch,10
r,10
early,10
grown,10
weak,10
game,10
tables,10
tom,10
couple,10
gets,10
streets,10
suicide,10
whenever,10
piece,10
started,10
four,10
fathers,10
good;,10
flown,10
months,10
backseat,10
angel,10
average,10
food,10
lighthouse,10
strength,10
london,10
guy,10
tarzan,10
taxi,10
fallin,10
stood,9
watched,9
tab,9
walking,9
promise,9
held,9
tear,9
near,9
pray,9
album,9
supposed,9
job,9
quiet,9
softly,9
blind,9
stone,9
save,9
changed,9
dry,9
takes,9
holding,9
blame,9
keeps,9
wasted,9
turns,9
finding,9
letters,9
given,9
lyric,9
follow,9
praised,9
agree,9
names,9
monster,9
prove,9
truly,9
fill,9
knees,9
instead,9
beast,9
chest,9
team,9
seat,9
passed,9
drum,9
mad,9
seize,9
plans,9
stepping,9
goes,9
ago,9
plastic,9
we'd,9
happen,9
class,9
picture,9
walls,9
tomorrow,9
tired,9
todd,9
jane,9
jack,9
'til,9
america,9
pipe,9
blazing,9
nature,9
typical,9
sexual,9
panadol,9
miley,9
explain,8
l,8
endless,8
color,8
wave,8
story,8
forsake,8
scene,8
p,8
others,8
grace,8
wide,8
paper,8
ahead,8
spent,8
moved,8
certain,8
clothes,8
almost,8
watching,8
regret,8
pull,8
closer,8
escape,8
situation,8
seeing,8
men,8
sick,8
also,8
flies,8
loud,8
',8
rating,8
fear,8
awesome,8
lookin',8
wants,8
moments,8
ways,8
wear,8
sold,8
pass,8
an',8
party,8
bump,8
everywhere,8
war,8
waits,8
arm,8
dress,8
slow,8
shows,8
walked,8
throw,8
crowd,8
burns,8
fuck,8
sides,8
coin,8
tv,8
fade,8
cat,8
rhyme,8
killed,8
able,8
wasting,8
ok,8
reason,8
sweeney,8
fun,8
wherever,8
hometown,8
ticket,8
american,8
country,8
sell,8
grade,8
cheek,8
numb,8
ignore,8
alonestar,8
bags,8
teen,8
fences,8
up's,8
mood,7
apart,7
record,7
church,7
intro,7
chords,7
worse,7
stops,7
smiling,7
poor,7
age,7
ex,7
hot,7
thoughts,7
ended,7
search,7
everything's,7
joy,7
anywhere,7
flame,7
spark,7
actually,7
warm,7
awake,7
thanks,7
language,7
beneath,7
says,7
quietly,7
wings,7
thank,7
fucking,7
buy,7
strange,7
pride,7
thrown,7
thunder,7
cd,7
ears,7
rooms,7
within,7
letting,7
hug,7
pillow,7
flag,7
looks,7
thumb,7
book,7
longer,7
stronger,7
culture,7
hip,7
hop,7
beer,7
act,7
holds,7
grass,7
dust,7
staying,7
bunkers,7
hunters,7
shore,7
rising,7
brother,7
scars,7
na,7
weight,7
billy,7
harder,7
car,7
carry,7
lady,7
tyler,7
durden,7
john,7
traveller,7
pop,7
somehow,7
exactly,7
heal,7
sinking,7
th,7
steel,7
perhaps,7
loretta,7
bone,7
trades,7
happened,7
rings,7
cried,7
lately,7
strumming,7
mother's,7
pretend,7
cannot,7
dad,7
whatever,7
riff,7
ou,7
#,6
note,6
bout,6
middle,6
falls,6
kinda,6
wishing,6
hours,6
parts,6
begin,6
table,6
disappeared,6
wall,6
afraid,6
leaves,6
sigh,6
return,6
homeless,6
disguise,6
bodies,6
surprise,6
bars,6
woke,6
ecstasy,6
human,6
swear,6
ride,6
cares,6
ought,6
glad,6
listening,6
river,6
speech,6
shoot,6
grey,6
hoping,6
evening,6
pay,6
guide,6
gives,6
promised,6
edge,6
sounds,6
aerosmith,6
lovin',6
guitar,6
glitter,6
votes,6
thinks,6
vocals,6
luv,6
empire,6
stolen,6
smell,6
learned,6
trees,6
tide,6
eating,6
friday,6
willie,6
ran,6
least,6
view,6
reply,6
feb,6
fact,6
check,6
calling,6
hill,6
stopped,6
beats,6
yo,6
stage,6
pen,6
c'mon,6
foot,6
growing,6
self,6
boys,6
bus,6
shop,6
fears,6
passing,6
everyday,6
world's,6
became,6
fans,6
starts,6
lust,6
glass,6
beyond,6
knock,6
fit,6
test,6
couch,6
coast,6
throwing,6
pets,6
conquered,6
poppa,6
claiming,6
maiming,6
bother,6
offers,6
aside,6
choice,6
wrote,6
farthest,6
enemies,6
mend,6
gold,6
jackson,6
genius,6
cant,6
press,6
believing,6
moving,6
could've,6
finally,6
talking,6
where's,6
treasure,6
flows,6
dreamer,6
daydream,6
crumbling,6
pastries,6
grams,6
motherland,6
replace,6
lied,6
hit,6
coffee,6
amy,6
cheeks,6
bitterness,6
stun,6
outrun,6
reminds,6
pale,6
monkey,6
tryin',6
experiment,6
doot,6
lasts,6
ugly,6
forgot,6
electricity,6
window,5
gary,5
guitaretab,5
repeat,5
f#m,5
carried,5
she'll,5
version,5
number,5
remind,5
dreaming,5
conscience,5
books,5
inspired,5
souls,5
hi,5
skies,5
meets,5
kicking,5
built,5
single,5
knife,5
seemed,5
cared,5
hungry,5
plays,5
stayed,5
grief,5
flight,5
ten,5
except,5
funny,5
played,5
secret's,5
shout,5
bar,5
burned,5
taste,5
scared,5
wild,5
spinning,5
news,5
meant,5
dare,5
reviewing,5
anyway,5
talked,5
grows,5
begging,5
wires,5
march,5
laughter,5
bringing,5
jennifer,5
nikuko,5
daughter,5
male,5
belong,5
ring,5
shake,5
stupid,5
glory,5
fish,5
sword,5
mess,5
carefully,5
van,5
mercy,5
hall,5
worry,5
romance,5
older,5
comments,5
fair,5
theme,5
master,5
devil,5
second,5
although,5
foolish,5
blinded,5
west,5
kid,5
tip,5
hated,5
staring,5
touched,5
favorite,5
orchestra,5
travel,5
wash,5
safe,5
eighteen,5
sweat,5
ooo,5
hat,5
silence,5
intend,5
fleetwood,5
writing,5
adele,5
desert,5
pm,5
june,5
wow,5
twice,5
rescue,5
copyright,5
goal,5
breaks,5
vultures,5
drowning,5
searching,5
flow,5
rush,5
flesh,5
indian,5
demons,5
spot,5
figure,5
drums,5
sells,5
k,5
produced,5
contains,5
caught,5
they've,5
lying,5
radio,5
crawl,5
marry,5
role,5
bust,5
melody,5
enemy,5
bleed,5
build,5
crush,5
hiding,5
pour,5
solo,5
earthquake,5
appears,5
grave,5
kids,5
balloon,5
closed,5
advice,5
haunting,5
dancing,5
mj,5
etc,5
message,5
video,5
animals,5
stories,5
owe,5
heaven,5
someday,5
bedroom,5
army,5
sees,5
tells,5
nervous,5
singer,5
writer,5
basic,5
corner,5
fuss,5
trouble,5
sara,5
who's,5
telling,5
waste,5
yesterday,5
cuz,5
highway,5
greatest,5
britney,5
rage,5
highlander,5
alfred,5
business,5
greater,5
gladys,5
avant,5
tore,5
softest,5
identity,5
christ,5
orange,5
stare,4
admit,4
nothin',4
allan,4
date,4
serious,4
vertical,4
miles,4
soft,4
whisper,4
clock,4
ends,4
clearly,4
bottle,4
sail,4
guilty,4
motion,4
soundtrack,4
e|,4
join,4
stick,4
echoed,4
eventually,4
strip,4
perfectly,4
they'd,4
hung,4
pages,4
tearing,4
rich,4
comfort,4
willing,4
beginning,4
short,4
breathing,4
happiest,4
front,4
spoken,4
brothers,4
drugs,4
sober,4
roses,4
pulled,4
effect,4
sin,4
disagree,4
settle,4
fingers,4
bob,4
perform,4
eight,4
seventy,4
dirt,4
henry,4
bear,4
green,4
mark,4
peaceful,4
lines,4
natural,4
daze,4
phaedra,4
tightly,4
began,4
dogs,4
performance,4
create,4
choose,4
defeat,4
opened,4
saviour,4
path,4
spirit,4
holy,4
secret,4
target,4
beauty,4
uh,4
cryin',4
giant,4
taught,4
credits,4
purpose,4
complete,4
places,4
especially,4
absolutely,4
chair,4
wearing,4
questions,4
incubus,4
eric,4
reach,4
rose,4
shook,4
winner,4
smoke,4
rap,4
nelson,4
plumb,4
insane,4
waited,4
chick,4
holiday,4
suffer,4
fighting,4
cost,4
me',4
listened,4
correct,4
style,4
mistakes,4
plus,4
david,4
collection,4
features,4
property,4
none,4
smaller,4
worked,4
flood,4
treat,4
counter,4
liquor,4
bled,4
pavement,4
knowing,4
owners,4
ties,4
seeking,4
haters,4
nice,4
unless,4
vision,4
crying,4
honestly,4
vein,4
affect,4
doubts,4
strain,4
carving,4
grain,4
chains,4
sri,4
lanka,4
toronto,4
dominican,4
congo,4
rwanda,4
heavy,4
pieces,4
media,4
crowds,4
smith,4
fifth,4
performed,4
courtesy,4
rights,4
dj,4
debris,4
harsh,4
swallow,4
beating,4
driving,4
slept,4
bro,4
hero,4
killing,4
planet,4
kong,4
rapping,4
shut,4
addicted,4
nirvana,4
darkness,4
fat,4
classified,4
j,4
records,4
six,4
history,4
bastards,4
forgive,4
damn,4
thumbtack,4
sleeve,4
figured,4
tied,4
disappear,4
provide,4
lookin,4
whose,4
spirits,4
crime,4
thats,4
worldwide,4
tarp,4
sprung,4
leak,4
trapped,4
drippings,4
ceiling,4
neighbor,4
higher,4
would've,4
solid,4
waves,4
babe,4
ray,4
charles,4
billie,4
videos,4
visit,4
breaking,4
scattered,4
picked,4
studio,4
flag's,4
they'll,4
sunny,4
clean,4
shot,4
games,4
lots,4
carries,4
voices,4
w,4
known,4
covered,4
lace,4
company,4
traffic,4
sort,4
brit,4
guys,4
anna,4
wet,4
berlin,4
tokyo,4
painful,4
relieve,4
urban,4
yellow,4
simply,4
sorrow,4
shaking,4
locked,4
answer,4
goldfish,4
song's,4
broadway,4
somethin',4
nowhere,4
suppose,4
oooh,4
lead,4
eternal,4
metrolyrics,4
smiled,4
roxette,4
recently,4
bell,4
challenging,4
ha,4
reference,4
hare,4
pocket,4
alison,4
brandon,4
ziggy,4
film,4
particular,4
imagined,4
altar,4
breathes,4
oxygen,4
carrying,4
pornography,4
traveling,4
gibson,4
mothers,4
else's,4
frank,4
agony,4
cyrus,4
abby,4
afternoon,3
talkin',3
file,3
compare,3
sink,3
whispering,3
site,3
gal,3
pushed,3
powderfinger,3
five,3
lean,3
footprints,3
wheels,3
understanding,3
marie,3
bye,3
ooooh,3
rainbow,3
sunshiny,3
barriers,3
rough,3
function,3
screaming,3
pretending,3
completely,3
washed,3
square,3
unborn,3
ghosts,3
contain,3
summer's,3
sunlight,3
raise,3
roof,3
raging,3
ashes,3
dirty,3
quickly,3
wrap,3
tender,3
plan,3
zero,3
steal,3
soaked,3
everyone's,3
doctor,3
twelve,3
burst,3
heat,3
prayers,3
tape,3
tiny,3
mom,3
man's,3
paint,3
influence,3
thieves,3
honest,3
possibly,3
normal,3
rotten,3
sang,3
form,3
sung,3
flags,3
imagine,3
ringing,3
julu,3
buffalo,3
opera,3
instant,3
building,3
recording,3
inclined,3
information,3
patterns,3
connection,3
riddle,3
wen,3
ar,3
ballad,3
wont,3
sign,3
tread,3
trial,3
weary,3
falter,3
immortal,3
james,3
girlies,3
course,3
musically,3
concert,3
touring,3
cover,3
youtube,3
birth,3
market,3
quite,3
metaphorical,3
disturbed,3
support,3
leap,3
comin',3
fan,3
ice,3
chin,3
til,3
cake,3
jeans,3
gently,3
flames,3
sadness,3
realize,3
secrets,3
streams,3
wrapped,3
buying,3
'cuz,3
bullshit,3
clapton,3
begins,3
wine,3
leann,3
rimes,3
state,3
coolio,3
moves,3
choke,3
music's,3
groove,3
bend,3
funk,3
following,3
quit,3
sunshine,3
december,3
filling,3
fifteen,3
love's,3
shoe,3
ghost,3
braver,3
married,3
&lt;,3
september,3
hearing,3
sep,3
terrific,3
addition,3
magnificent,3
marching,3
rice,3
deal,3
jones,3
takin',3
homes,3
swore,3
barely,3
buried,3
crown,3
worship,3
main,3
meal,3
drinking,3
mountains,3
art,3
centre,3
wondering,3
blessed,3
sia,3
tuck,3
hilltops,3
success,3
sunset,3
rolling,3
summer,3
distance,3
bitter,3
relate,3
burden,3
blink,3
fifty,3
shed,3
tracks,3
scar,3
lotek,3
unforgiven,3
tek,3
score,3
sleeping,3
tonga,3
russia,3
sydney,3
nigeria,3
gaza,3
casablanca,3
kick,3
pound,3
shots,3
'round,3
martyr,3
base,3
religion,3
giving,3
treated,3
confusion,3
problem,3
count,3
pigs,3
francis,3
sony,3
atv,3
permission,3
sample,3
terrible,3
damned,3
aware,3
mode,3
foster,3
jean,3
dropping,3
hong,3
unknown,3
cape,3
grimy,3
industry,3
evil,3
match,3
map,3
razor,3
hush,3
post,3
madness,3
underground,3
suffering,3
california,3
dude,3
ass,3
perspective,3
swap,3
worries,3
seeds,3
shoes,3
gift,3
local,3
tour,3
event,3
ink,3
artists,3
spreading,3
tough,3
everybody's,3
glow,3
mo,3
store,3
hitting,3
destiny,3
one's,3
movies,3
spoke,3
purity,3
seek,3
mirror,3
decided,3
commercial,3
product,3
reasons,3
realise,3
interested,3
tribute,3
mac,3
shadow,3
shelter,3
rules,3
park,3
port,3
swim,3
problems,3
snow,3
rooster,3
ship,3
thrill,3
christian,3
gain,3
acting,3
bore,3
shit's,3
relevant,3
jim,3
mention,3
star,3
provided,3
hallelu,3
devil's,3
shield,3
'tho,3
cast,3
fruit,3
flock,3
stall,3
appeal,3
cash,3
rare,3
coke,3
bruce,3
modern,3
dog,3
blows,3
it'll,3
awoke,3
fields,3
slip,3
seven,3
stones,3
diamonds,3
sidewalk,3
gutters,3
lined,3
faucets,3
trip,3
upper,3
stumble,3
mind's,3
lego,3
sheltered,3
tea,3
beach,3
gentle,3
round,3
sirens,3
windowsill,3
tower,3
hood,3
untied,3
fills,3
trips,3
puts,3
suffolk,3
sadly,3
name's,3
smoking,3
genre,3
feed,3
aiming,3
chase,3
neck,3
patience,3
understands,3
upperhand,3
double,3
quarter,3
strawberries,3
diving,3
jamaica,3
jake,3
gosling,3
shy,3
cheese,3
firefly,3
liar,3
squeeze,3
frustrated,3
'i,3
believer,3
beware,3
cheap,3
cheer,3
talks,3
stomach,3
speaks,3
postcards,3
smiles,3
bass,3
boom,3
clare,3
lonesome,3
nerve,3
ruin,3
shadowed,3
attention,3
happening,3
craftsmen,3
ruskin,3
sending,3
sanity,3
kisses,3
kite,3
kills,3
friendship,3
springs,3
proud,3
affection,3
original,3
submitted,3
monkeys,3
woahhh,3
vacancy,3
tongue,3
enjoy,3
wise,3
space,3
creeping,3
blackest,3
depths,3
grinned,3
queen,3
lower,3
later,3
parade,3
winehouse,3
reclaim,3
exist,3
boyfriend,3
nvr,3
dis,3
prize,3
mortal,3
eternity,3
temptation,3
hah,3
hoh,3
handled,3
krauss,3
flowers,3
marley,3
commit,3
imagery,3
appreciate,3
mistress,3
changes,3
madeline,3
magazines,3
harrison,3
knight,3
sympathise,3
response,3
hopped,3
india,3
opposite,3
household,3
simcity,3
olden,3
drown,3
sacrificing,3
whoever,3
husband,3
matters,3
sinatra,3
rewarding,3
produce,3
neither,3
makin',3
corporate,3
skyscrapers,3
multiple,3
downtown,2
interpretation,2
private,2
injury,2
eclipse,2
ships,2
blizzard,2
biggest,2
reaching,2
constant,2
prayer,2
nat,2
cole,2
sandy,2
unhappy,2
onto,2
oooooooooooh,2
pulls,2
drags,2
rie,2
lakeside,2
crickets,2
fortune,2
clothing,2
consider,2
fret,2
b|,2
g|,2
d|,2
a|,2
packed,2
refrain,2
power,2
birds,2
prince,2
crimes,2
spin,2
hurry,2
brand,2
frying,2
pan,2
drain,2
drinks,2
rust,2
curtains,2
mouths,2
hardcore,2
torn,2
boats,2
betrayed,2
summers,2
wander,2
forevermore,2
tick,2
touching,2
sharing,2
shines,2
sand,2
slipping,2
pulse,2
snore,2
seconds,2
vermouth,2
meaningful,2
recall,2
throat,2
easily,2
veins,2
rape,2
evidence,2
paralyzed,2
vase,2
pause,2
insecure,2
race,2
naked,2
brings,2
joking,2
tho',2
saint,2
trials,2
starting,2
earn,2
robber,2
finish,2
happens,2
'un,2
ev'ry,2
departure,2
wears,2
sondheim,2
tuesday,2
october,2
gods,2
lorelei,2
godspeed,2
lohengrin,2
origami,2
camera,2
clicking,2
feets,2
clatter,2
frock,2
serves,2
runs,2
forth,2
yell,2
stormy,2
pure,2
alphabets,2
oklahoma,2
field,2
cage,2
death;,2
catchy,2
moan,2
toon,2
mones,2
grones,2
slower,2
brown,2
special,2
wisdom,2
international,2
networks,2
forgotten,2
confiscated,2
sheets,2
stripped,2
me;,2
heavenly,2
cheers,2
feeds,2
steps,2
father's,2
led,2
vote,2
you;,2
adore,2
honor,2
presence,2
candy,2
stroll,2
victim,2
patton,2
co,2
lure,2
pedophile,2
okay,2
bands,2
frankie,2
girls,2
audience,2
obvious,2
patton's,2
character,2
points,2
's,2
associated,2
opinion,2
aggressive,2
people's,2
metaphor,2
implying,2
acts,2
there'd,2
lordy,2
likes,2
shove,2
size,2
forgiven,2
steven,2
cleaner,2
bite,2
third,2
panda,2
worms,2
buildings,2
birthday,2
destruction,2
production,2
student,2
punk,2
license,2
ego,2
player,2
nerd,2
instrumental,2
canada,2
based,2
newfoundland,2
laughing,2
fed,2
fist,2
iceberg,2
lightning,2
uk,2
hardly,2
everytime,2
angie,2
fame,2
z,2
lyk,2
wat,2
shape,2
possible,2
talent,2
wonderful,2
joins,2
knowledge,2
heating,2
learning,2
papa,2
shelves,2
link,2
stream,2
trading,2
brains,2
emphatic,2
static,2
mental,2
piracy,2
naa,2
ly\\,2
cloth,2
bull,2
gin,2
blur,2
january,2
july,2
anxiety,2
lighter,2
remedies,2
captive,2
dunk,2
homie,2
ed^,2
shinning,2
lane,2
y'all,2
grabbed,2
weird,2
probably,2
'n',2
um,2
raining,2
throughout,2
brother's,2
display,2
missed,2
eva,2
follows,2
savior,2
mr,2
cannon,2
'when,2
august,2
jan,2
definitely,2
closely,2
burgundy,2
saints,2
nose,2
dice,2
ole,2
chuck,2
difference,2
positive,2
'state,2
art',2
mountain,2
foreign,2
shores,2
fold,2
creep,2
jerk,2
nurse,2
surf,2
freaks,2
police,2
released,2
crisis,2
lifeless,2
battle,2
lift,2
scratch,2
drop,2
tunes,2
grinding,2
pounding,2
label,2
paperwork,2
crew,2
rescued,2
stress,2
weekend,2
raising,2
it;,2
faces,2
suitcase,2
winter,2
mirrors,2
decision,2
sparks,2
lacking,2
measure,2
fam,2
grateful,2
peers,2
nears,2
everlasting,2
carve,2
brighter,2
pension,2
mastering,2
darker,2
stained,2
frame,2
respect,2
dope,2
claim,2
composer,2
eyelids,2
dine,2
'i'm,2
sicker,2
lighting,2
gutter,2
detox,2
plenty,2
shock,2
keith,2
stuff,2
folks,2
heading,2
riding,2
lasting,2
pierce,2
frowns,2
belief,2
gun,2
funds,2
expression,2
invest,2
hoods,2
unify,2
plate,2
cancer,2
lambert,2
denny,2
ordstrand,2
published,2
reserved,2
scratches,2
fling,2
regards,2
feud,2
pursued,2
wound,2
'temple,2
doom',2
siren,2
feasts,2
admirers,2
unleashed,2
virus,2
calici,2
productive,2
inductive,2
fucked,2
substance,2
destructive,2
dressed,2
southpaw,2
outtalk,2
asio,2
fallout,2
maseo,2
telephone,2
messages;,2
stereo,2
taze,2
western,2
paro,2
arrow,2
millipede,2
fulfilling,2
silly,2
philly's,2
problematic,2
abandoned,2
isle,2
convict,2
havoc,2
combatant,2
disposable,2
poet,2
solider,2
badge,2
honour,2
sewn,2
gibraltar,2
payola,2
alien,2
travolta,2
vocal,2
assault,2
microphone,2
controller,2
handle,2
loaded,2
revolver,2
coated,2
sulphur,2
boulder,2
motors,2
solar,2
rope,2
pergola,2
divorced,2
bally,2
cadaver,2
battlefield,2
chariot,2
waits;,2
gala,2
fames,2
gaga,2
complain,2
drama,2
mohammed,2
atta,2
calcutta,2
handed,2
def,2
leppard's,2
drummer,2
meth,2
cooker,2
mic's,2
butcher,2
dealing,2
pedigree,2
effigy,2
remedy,2
nevermind,2
calm,2
harness,2
rappers,2
roar,2
dumb,2
buck,2
claw,2
recordings,2
ali,2
hartford,2
universal,2
recorded,2
spitting,2
movement,2
large,2
rhymes,2
'bout,2
pal,2
pushing,2
blossom,2
body's,2
communication,2
list,2
backwards,2
symphony,2
applaud,2
draw,2
notes,2
pains,2
plane,2
laying,2
vegas,2
inspiring,2
energy,2
fuel,2
lennon,2
laughs,2
she'd,2
savour,2
concerned,2
yard,2
switch,2
corrupt,2
nearly,2
remix,2
eee,2
halls,2
paved,2
asks,2
schools,2
mixed,2
mud,2
warning,2
confusing,2
eccentrialities,2
creak,2
rocking,2
ghostly,2
restless,2
height,2
proof,2
innocent,2
posted,2
blew,2
he'd,2
stunning,2
hype,2
artistic,2
anybody,2
gotten,2
literally,2
serene,2
throws,2
isnt,2
oprah,2
alot,2
including,2
mj's,2
performer,2
horrible,2
allowed,2
drives,2
som\\,2
sunday,2
humble,2
complicated,2
racing,2
bitch,2
drowned,2
wabasha,2
hour,2
crowin',2
struggled,2
barbed,2
wire,2
hail,2
sinkin',2
source,2
atlantic,2
thinkin',2
faults,2
york,2
recognize,2
stevens,2
misty,2
mdc,2
untrue,2
removed,2
hole,2
feature,2
ipod,2
windows,2
hurricane,2
standin',2
related,2
jordan,2
cahill,2
suburbs,2
educational,2
purposes,2
grind,2
scott,2
blowing,2
bugle,2
harlem,2
rid,2
shopping,2
block,2
slide,2
shooting,2
replay,2
process,2
liberation,2
saving,2
women,2
dick,2
o'clock,2
toilet,2
darlin',2
hardest,2
pleasure,2
springsteen,2
ron,2
landau,2
dug,2
throne,2
chicago,2
muscle,2
shotgun,2
where're,2
forsaken,2
shining,2
coat,2
mister,2
caring,2
bet,2
ripped,2
cities,2
destroyed,2
families,2
factories,2
raised,2
guts,2
home's,2
hopes,2
tend,2
stray,2
teach,2
grab,2
graveyard,2
san,2
blackness,2
sailors,2
lovely,2
the's,2
it'd,2
question,2
bay,2
chose,2
sticks,2
sat,2
band's,2
landscape,2
heart's,2
elephant,2
unaware,2
movements,2
killer,2
shoulda,2
fulfils,2
surrender,2
ciao,2
focus,2
blush,2
glue,2
disastrous,2
greener,2
pastures,2
lazy,2
suffocate,2
wordsmith,2
bluffing,2
blast,2
crack,2
wikipedia,2
demonstrating,2
meditating,2
enterprise,2
fella,2
filmed,2
gabriella,2
carpets,2
loop,2
pedal,2
using,2
selling,2
cd's,2
rucksack,2
papers,2
reading,2
wadge,2
sugar,2
goodness,2
paid,2
loving's,2
krantz,2
clearer,2
shunned,2
leg,2
dew,2
flying,2
elastic,2
buys,2
chips,2
melt,2
cab,2
squeezed,2
swam,2
spur,2
exorcise,2
plain,2
tangled,2
glare,2
this'll,2
mo',2
girl's,2
pace,2
blonde,2
lays,2
however,2
appeared,2
mist,2
tomb,2
steady,2
affected,2
yidder,2
liberate,2
translated,2
behaviour,2
hollow,2
unforgiving,2
dilated,2
facts,2
melts,2
lullabies,2
'you,2
box,2
folk,2
chikka,2
flip,2
remains,2
trace,2
roam,2
fog,2
spell,2
exhale,2
crossed,2
ups,2
tension,2
analyse,2
decay,2
setting,2
flipping,2
sown,2
lived,2
effort,2
shown,2
solve,2
nest,2
sent,2
regrets,2
ending,2
idol,2
strengths,2
distant,2
pack,2
compromise,2
ohhh,2
headlights,2
headlines,2
alarm,2
changing,2
deny,2
grand,2
musical,2
spending,2
beleive,2
fresh,2
fantasy,2
babyyy,2
freak,2
climb,2
guarantee,2
floating,2
meek,2
nd,2
club,2
temperament,2
increments,2
clarks,2
picking,2
stays,2
tenderness,2
disco,2
bitten,2
hunt,2
drag,2
hanging,2
cough,2
starving,2
charming,2
dregs,2
pin,2
secure,2
grounds,2
troubled,2
lucky,2
define,2
bow,2
surprised,2
percent,2
wore,2
bu,2
perfume,2
klein,2
nanananana,2
loneliness,2
dart,2
doesnt,2
kno,2
eventhough,2
hv,2
madly,2
eles,2
ng,2
ugh,2
angelica,2
tenielle,2
relationships,2
reminded,2
glance,2
shaft,2
harmonies,2
haa,2
common,2
solved,2
personally,2
states,2
countries,2
confirmed,2
iron,2
hooked,2
bloomin',2
tuppence,2
movin',2
ost,2
hooh,2
waitin',2
failure,2
usually,2
sudden,2
trough,2
strangest,2
darkened,2
innocence,2
piggy,2
starves,2
trail,2
lesson,2
aim,2
{,2
},2
relationship,2
curious,2
happiness,2
often,2
covers,2
simple,2
promises,2
wolves,2
english,2
harold,2
maude,2
specifically,2
constance,2
hook,2
rays,2
mum,2
fiction,2
season,2
gypsies,2
insisting,2
concentrate,2
wrongs,2
strenght,2
teary,2
####,2
allister,2
macgillivray,2
noted,2
illusion,2
whereas,2
sexuality,2
sensuality,2
political,2
deceived,2
letter,2
keys,2
hallway,2
case,2
muddy,2
entry,2
rohin's,2
explained,2
discussion,2
compelling,2
helped,2
tylenol,2
description,2
salvation,2
thru,2
distraction,2
anti,2
references,2
idea,2
upbringing,2
sister,2
vulnerable,2
environment,2
brokenness,2
heaven's,2
believed,2
ya',2
blondes,2
easier,2
walkin',2
f\\,2
corrected,2
dnt,2
preston,2
moore,2
included,2
conversation,2
lorrie,1
morgan,1
cafe,1
holdin',1
lorri\\,1
poundin',1
rememberin',1
laughin',1
tenderly,1
drifted,1
pleas\\,1
#this,1
author's,1
represents,1
the#,1
#song,1
study,1
scholarship,1
research,1
tue,1
pdt,1
carl,1
cressman,1
subject,1
allan_gary,1
it_would_be_you,1
crd,1
desrcibing,1
hurr,1
cane,1
tital,1
told__,1
blue_____,1
talkin,1
sovereign,1
v,1
chu\\,1
outro,1
jamesmacdonald,1
c\\,1
~interlude~,1
plea,1
modified,1
originally,1
clint,1
hinze,1
timing,1
deleted,1
bits,1
odyssey,1
powderfinger\\,1
****,1
fades,1
tabs,1
cobwebs,1
shelf,1
jumbled,1
mary's,1
alley,1
arcade,1
gathering,1
charity,1
favourite,1
pected,1
separ,1
ation,1
dir,1
ection,1
spread,1
balmy,1
ducks,1
flew,1
lullabye,1
basket,1
rushes,1
lakes,1
colours,1
safely,1
obstacles,1
basically,1
warmest,1
laws,1
smoothly,1
capo,1
messed,1
bored,1
vanished,1
synergy,1
macabre,1
somber,1
twin,1
harmony,1
wrecked,1
poptarts,1
taj,1
mahal,1
william,1
skateboard,1
mall,1
mangoes,1
limes,1
pga,1
strum,1
prepaid,1
television,1
scams,1
steak,1
non,1
disaster,1
discovered,1
monuments,1
toxin,1
swan,1
drawn,1
casts,1
lovers,1
swoon,1
northern,1
danced,1
chill,1
something's,1
sublime,1
relief,1
scare,1
sentimentalist,1
clock'll,1
waiting's,1
fashion,1
tips,1
consumed,1
alight,1
hippy,1
goofin',1
grains,1
worlds,1
spill,1
ache,1
rebound,1
twenty,1
sixty,1
brakes,1
science,1
rum,1
impotent,1
sisters,1
dusk,1
anybody's,1
shoveled,1
disgraced,1
sickly,1
cocktail,1
rohypnol,1
sworn,1
clues,1
firsthand,1
flaws,1
bras,1
furniture,1
waist,1
cynical,1
destitute,1
comical,1
pulling,1
claws,1
jaws,1
tease,1
supernova,1
yesterday's,1
scabs,1
supply,1
pillage,1
plunder,1
plague,1
approval,1
arranged,1
tag,1
fellow,1
villain,1
tribulations,1
cook,1
sew,1
nag,1
wag,1
whe,1
ev'ryone,1
titled,1
station,1
impressive,1
suite,1
claridges,1
fleet,1
carriages,1
duchesses,1
friendliness,1
befitting,1
estate,1
morrow,1
magistrate,1
gawd,1
dearest,1
companions,1
villains,1
humiliation,1
boss'll,1
bonuses,1
consolation's,1
transformation,1
rogue,1
rob,1
huffy,1
hid,1
unappeasable,1
sulked,1
wicked,1
woolen,1
henry's,1
thereafter,1
pried,1
survived,1
sycamore,1
netbehaviour,1
panix,1
alan,1
achor,1
hope;,1
snoop,1
delight,1
medicine,1
lala,1
lalal,1
teeth,1
cradled,1
immobile,1
continue,1
infants,1
choirs,1
meat,1
oozing,1
alan's,1
blahblah,1
shoots,1
elder,1
robot,1
lovingly,1
beloved,1
alas,1
q,1
disappearance,1
disciples,1
testify,1
prevent,1
falser,1
thee,1
armageddon,1
nonce,1
ponce,1
elsewhere,1
approach,1
remnant,1
covenant,1
singers,1
microscope,1
duet,1
joys,1
forest,1
indicates,1
deaf,1
are;,1
birdsongs,1
starlings,1
dialects;,1
species,1
instinctual,1
don't;,1
objects,1
absorbed,1
intelligent,1
machines,1
faster,1
river______,1
forever_____,1
song__,1
fox,1
remote,1
encounters,1
conference,1
aims,1
explore,1
enhance,1
variety,1
arts,1
authority,1
cooperate,1
rottin',1
zines,1
detained,1
bleak,1
disbelief,1
concrete,1
unfortunate,1
agitate,1
tolerate,1
hymn,1
divinest,1
dwell;,1
whate'er,1
befall,1
doeth,1
winding,1
bread,1
athirst,1
gushing,1
lo,1
spring,1
fullness,1
clothed,1
realms,1
ages,1
'jesus,1
forty,1
criminal,1
pearlies,1
peadophile,1
fnm's,1
humour,1
'edge,1
world',1
refers,1
naivity,1
flat,1
intereptation,1
listner,1
piano,1
jazz,1
vibe,1
seductive,1
younger,1
lolita,1
scenrio,1
obbession,1
judgement,1
pikki,1
teens,1
image,1
amount,1
fuko,1
iv,1
;d,1
fascination,1
performers,1
ive,1
rockstar,1
groupies,1
gather,1
sleazy,1
devilish,1
manifestation,1
referring,1
primary,1
metaphors,1
contradictory,1
pedophile's,1
fnm,1
seemingly,1
distrubed,1
aforementioned,1
oral,1
glimpse,1
presented,1
limited,1
pedophiles,1
intent;,1
passions,1
succumbing,1
pedophilic,1
immoral,1
mamma,1
foolin',1
huh,1
baited,1
loss,1
sayin',1
goodbyes,1
sooo,1
vacuum,1
push,1
bait,1
dictator,1
oppressed,1
sperm,1
regurgitated,1
shooter,1
frat,1
zoo,1
cream,1
newborn,1
construction,1
worker,1
leftist,1
accountant,1
minivan,1
tags,1
alter,1
ukulele,1
mathias,1
kom,1
occasionally,1
bloom,1
multi,1
members,1
europe,1
happily,1
john's,1
essence,1
phrase,1
invited,1
lyric\\,1
oblivion,1
hourglass,1
robert,1
miller,1
@yahoo,1
emotion,1
donel,1
mezerized,1
grammys,1
ovder,1
emlikespie,1
tht,1
da,1
elliebear,1
nk,1
prtygrl,1
republic,1
katy,1
perry,1
americans,1
idiots,1
devdev,1
wds,1
janie,1
lyricwriter,1
contemplate,1
livmaverick,1
pinklvr,1
totally,1
flavae,1
coz,1
thoz,1
freaken,1
totaly,1
patsy,1
sylvain,1
gorgeous,1
rnnl,1
fav,1
funhouse,1
hugs,1
cry;,1
recognized,1
skill,1
yentl,1
group,1
students,1
yeshiva,1
bechv,1
tested,1
rabbi,1
impressed,1
yentl's,1
admits,1
ans,1
forests,1
lessons,1
enter,1
shawl,1
weaves,1
longed,1
whys,1
wheres,1
mysteries,1
unfold,1
chain,1
ongoing,1
rake,1
abrupt,1
imbecile,1
philosophies,1
announced,1
matador,1
taunting,1
reddest,1
clapt\\,1
juke,1
joint,1
peek,1
boogie,1
woogie,1
runnin,1
spinnin,1
monday,1
poppin,1
pills,1
shrinks,1
tellin,1
sweetest,1
stereophonics,1
gifts,1
stere\\,1
trembling,1
command,1
chunk,1
hunk,1
hoop,1
scoop,1
commin',1
wit',1
everybod's,1
rookies,1
beginner,1
spinach,1
dinner,1
lotta,1
bake,1
perpetrate,1
brat,1
funkdafied,1
lou,1
grove,1
hardaway,1
kareem,1
abdul,1
peeps,1
jeep,1
rows,1
century,1
sicily,1
protocol,1
sumpin',1
o',1
beard,1
rednecks,1
abounds,1
pleased,1
ants,1
crawled,1
dingy,1
envelope,1
stamp,1
loco,1
rubbed,1
genie,1
lamp,1
'fore,1
i'se,1
cheapest,1
alabam,1
m\\,1
apollo,1
cub,1
scouts,1
battleship,1
tucked,1
frames,1
albums,1
baseball,1
handsome,1
funerals,1
lame,1
brunch,1
balance,1
avila,1
equals,1
cloud,1
tumble,1
haunted,1
braved,1
storms,1
knocked,1
abbie,1
wilson,1
adelle,1
theese,1
keyboard,1
teahcer,1
draper,1
ben,1
meg,1
abbott,1
xxxxxxx,1
rebecca,1
osburn,1
jye,1
greciella,1
cody,1
cryll,1
'next,1
saivour',1
nazi,1
salimi,1
fifi,1
'd,1
il,1
sml,1
caroll,1
whitley,1
funniest,1
kiana,1
carolyn,1
writes,1
thea,1
littlepinkwonder,1
dec,1
official,1
recuse,1
breezy,1
posting,1
correction,1
madeleine,1
sammysis,1
inlove,1
defidently,1
favourites,1
littlemiffy,1
abc,1
cookies,1
@musicismything,1
hoist,1
tall,1
pool,1
tenor,1
saxophone,1
whiskers,1
walks,1
haunts,1
beans,1
saloon,1
dixie,1
cards,1
weiss,1
clayborn,1
avenue,1
sam,1
puttin',1
bases,1
rushed,1
playlists,1
globe,1
roads,1
rocked,1
awards,1
accolades,1
split,1
taller,1
immersed,1
breakdowns,1
peep,1
forgives,1
peel,1
lids,1
emerge,1
shirt,1
sheet,1
steeple,1
jeeps,1
sneaks,1
surgeon,1
purrs,1
rehearse,1
circus,1
lurks,1
perps,1
disturbing,1
merciless,1
thirst,1
feast,1
dispersing,1
unbeatable;,1
dissing,1
timeless,1
riders,1
survivors,1
rises,1
fighters,1
pawns,1
depart,1
catatonic,1
fixture,1
stagger,1
saturday,1
sport,1
matinee,1
sentences,1
magistrates',1
court,1
attacks,1
powerhouse,1
speakers,1
glued,1
renegades,1
rhyming,1
lawyer,1
crucify,1
refining,1
linked,1
begun,1
shrouded,1
rounds,1
founded,1
bursts,1
goals,1
evolve,1
crooked,1
resolve,1
imposing,1
righteousness,1
contract,1
licenses,1
showbiz,1
pricelessness,1
booth,1
leaping,1
loops,1
sideways,1
toes,1
lie;,1
pads,1
rag,1
leningrad,1
vacant,1
lot's,1
brow,1
price,1
owes,1
debt,1
despite,1
ledge,1
rates,1
status,1
at;,1
hotel,1
lounge,1
revolve,1
melodic,1
chasing,1
significant,1
trade,1
plush,1
newest,1
condition,1
shame;,1
survival,1
escaped,1
revolutionaries,1
lions,1
slightest,1
action,1
relaxing,1
niche,1
deceased,1
pleasures,1
beheld,1
treasures,1
excess,1
pharmaceutical,1
murder,1
curse,1
gong,1
lingering,1
foundation,1
marks,1
castle,1
wars,1
forged,1
resonate,1
arsonist,1
markers,1
cain,1
sharper,1
marksmen,1
vein's,1
harboured,1
forefathers,1
genetic,1
marijuana,1
splinter,1
faction,1
grasping,1
stardom,1
accept,1
hardships,1
dangerous,1
inject,1
murdering,1
martyrs,1
harbinger,1
cache,1
ranging,1
metal,1
supporter,1
competitors,1
floored,1
malevolent,1
grudge,1
supposedly,1
wreck,1
stooge,1
iggy,1
grizzlies,1
bred,1
'burbs,1
horizon,1
curve,1
swerve,1
linda,1
blair,1
painted,1
angles,1
notch,1
pete,1
tariq,1
trot,1
beatbox,1
fiends,1
dimes,1
d's,1
rik,1
geezy,1
unfreeze,1
represent,1
underrated,1
mera,1
porsche,1
bumping,1
wurx,1
revered,1
bullets,1
discriminate,1
brother;,1
refugees,1
prison,1
opinions,1
stitched,1
forge,1
struggle,1
hustle,1
puzzle,1
chali,1
teaching,1
debate,1
soldier,1
tax,1
mans,1
raping,1
tweaking,1
burnings,1
sermons,1
currents,1
furnace,1
anguish,1
succeeds,1
fails,1
convey,1
acknowledge,1
progression,1
iconic,1
impression,1
controlling,1
demonic,1
possession,1
biting,1
created,1
platform,1
attaching,1
pseudo,1
patriotic,1
crap,1
fear's,1
logic,1
countermeasure,1
prerogative,1
anger's,1
drug,1
redneck,1
checking,1
visa's,1
valid,1
chickens,1
ceaser,1
salad,1
mallet,1
swing,1
ignorant,1
rankine,1
elements,1
heavily,1
freedoms,1
release,1
offended,1
critics,1
indeed,1
breed,1
unleashing,1
telepathy,1
diseased,1
thieving,1
greed,1
revelry,1
centipede,1
track;,1
straying,1
lap,1
conquer,1
void,1
destroy,1
bananas,1
blown,1
ketamine,1
enlightened,1
terrified,1
bin,1
laden,1
beddy,1
fattest,1
federline,1
brittney,1
mashed,1
raw,1
boredom,1
jump,1
stunned,1
struck,1
morons,1
soothing,1
hooks,1
heaters,1
pouring,1
boron,1
core,1
fukushima,1
lording,1
dobermans,1
dmx,1
pegged,1
bmx,1
briggs,1
hons,1
vents,1
khaled,1
muhammad,1
feat,1
boyd,1
bryant,1
productions,1
portion,1
bmi,1
mama,1
cass,1
enterprises,1
studios,1
enfile,1
nova,1
scotia,1
elefant,1
traks,1
additional,1
keyboards,1
evan,1
whetter,1
jams,1
cramped,1
shoebox,1
switzerland,1
mini,1
buddies,1
crowns,1
encountered,1
volleys,1
trolleys,1
soup,1
tin,1
golly,1
pollie's,1
improving,1
bolly,1
suit,1
walkmans,1
starter,1
hats,1
artefact,1
crash,1
scotland,1
planted,1
watered,1
you'regonna,1
boxed,1
nonsense,1
hilltop,1
noggin's,1
nodding,1
option,1
exhausted,1
painting,1
illest,1
rated,1
visuals,1
illustrated,1
ill,1
therapy,1
rehabilitation,1
amateur,1
hardship,1
raps,1
facade,1
manage,1
misfits,1
slackers,1
risks,1
hackers,1
shifts,1
macca's,1
listeners,1
prestigious,1
hapless,1
officially,1
visionary,1
infamy,1
hurting,1
suburban,1
furthermore,1
liner,1
signposts,1
eighty,1
hostile,1
takeovers,1
beethoven,1
remained,1
focused,1
notice,1
catching,1
amazement,1
confined,1
limitations,1
basement,1
subterranean,1
foundations,1
countdown,1
detonation,1
shredding,1
naught,1
fixed,1
spitshine,1
frazier,1
spilling,1
neighbours,1
playlist,1
sadist,1
pavement;,1
statements,1
spar,1
heartless,1
brainless,1
harnessed,1
traitors,1
charlatans,1
parliament,1
disheartened,1
pardon,1
failures,1
centipedes,1
fossil,1
fuels,1
hennessey,1
beef,1
abattoirs,1
scavengers,1
like;,1
patch,1
angel;,1
sip,1
vicious,1
opponents,1
tolkien,1
kings,1
arrived;,1
winging,1
divide,1
bling,1
rims,1
material,1
soda,1
mid,1
due,1
expect,1
trunks,1
divas,1
posers,1
amok,1
vidaloca,1
ta,1
propafol,1
woken,1
coping,1
choking,1
crashed,1
arched,1
stretched,1
shoulders,1
wretched,1
coldness,1
crowd's,1
joe,1
tex,1
aint,1
joe_t\\,1
goin,1
butler,1
trio,1
tryin,1
folded,1
listenin,1
clubs,1
gui,1
tar,1
string,1
towing,1
mainframe,1
potential,1
palm,1
chicken,1
wing,1
motel,1
shackles,1
mantles,1
dim,1
hous\\,1
bells,1
confusions,1
transfusions,1
water's,1
tub,1
gray,1
goul,1
stairs,1
amusing,1
visualised,1
grotesque,1
materialise,1
their's,1
coughin',1
yawnin',1
soul's,1
fantasies,1
trickery,1
masquerade,1
reveal,1
reveals,1
abused,1
scaring,1
villifying,1
lonley,1
marlon,1
idiot,1
'michael,1
jackson',1
attrocious,1
spelling,1
'hear',1
'here',1
education,1
internet,1
assured,1
tabloids,1
soyoung,1
versatility,1
outrageous,1
originality,1
irony,1
unfairly,1
regarded,1
caused,1
integrity,1
undermined,1
films,1
dissapear,1
rosie,1
decipher,1
trashing,1
riveting,1
christmas,1
eve,1
instantly,1
anoymous,1
asked,1
judgements,1
funeral,1
heartbreaking,1
interview,1
noooooo,1
divinity,1
disrespectable,1
tabloid,1
junkie,1
infer,1
esp,1
see',1
encapsulates,1
predjudiced,1
'absolute,1
greatness',1
skeleton,1
incredible,1
'divinity,1
motion',1
keisha,1
i;m,1
ashamed,1
existence,1
frist,1
vilified,1
crucified,1
midna,1
absoloutly,1
suprise,1
amzing,1
humans,1
awareness,1
musician,1
anger,1
despair,1
distrust,1
genious,1
lightens,1
peoples,1
judge,1
appearance,1
clips,1
consert,1
entertainer,1
legend,1
withot,1
celebrat,1
bday,1
nad,1
concerts,1
tooo,1
celbrate,1
siple,1
knowe,1
moudy,1
nobody's,1
apollogize,1
fantasystories,1
believes,1
germany,1
heared,1
german,1
newspapers,1
tito's,1
creature,1
which's,1
paparazzi,1
fantasize,1
pew,1
preacher,1
resonated,1
regulations,1
stance,1
veronicas,1
slowing,1
captivated,1
time's,1
lifeline,1
rarely,1
choked,1
dylan,1
kansas,1
thaw,1
day's,1
unkind,1
hound,1
earned,1
depot,1
artist,1
wandered,1
boss,1
&lt;piano,1
solo&gt;,1
yo',1
interpretations,1
darlene,1
hampton,1
bestselling,1
shades,1
anastasia,1
hol\\,1
trusting,1
preferred,1
bind,1
s\\,1
gonna',1
freaking,1
backs,1
kinda',1
sore,1
hank,1
stepped,1
virtuous,1
naive,1
pious,1
vulture,1
gesture,1
lyricsoncall,1
sween\\,1
anthony,1
sir,1
succumb,1
dialogue,1
pit,1
vermin,1
inhabit,1
info,1
rightful,1
accurate,1
errors,1
downloads,1
mp,1
aac,1
wma,1
ringtones,1
links,1
describing,1
tidal,1
reeves,1
mem'ry,1
jim_r\\,1
raditude,1
'till,1
croud,1
everthing,1
francisco,1
fig,1
grapes,1
vine,1
olive,1
feild,1
yield,1
cattle,1
strengh,1
don_f\\,1
anointed,1
hearted,1
pow'r,1
gil,1
heron,1
plug,1
cop,1
skag,1
skip,1
commercials,1
xerox,1
interruptions,1
nixon,1
leading,1
charge,1
mitchell,1
abrams,1
spiro,1
agnew,1
hog,1
maws,1
sanctuary,1
schaefer,1
award,1
theater,1
natalie,1
woods,1
steve,1
mcqueen,1
bullwinkle,1
julia,1
nubs,1
pounds,1
thinner,1
cart,1
ambulance,1
nbc,1
predict,1
report,1
districts,1
whitney,1
rail,1
roy,1
wilkens,1
strolling,1
watts,1
jumpsuit,1
proper,1
occasion,1
acres,1
beverly,1
hillbillies,1
hooter,1
ville,1
junction,1
highlights,1
eleven,1
hairy,1
armed,1
liberationists,1
jackie,1
onassis,1
webb,1
glen,1
campbell,1
johnny,1
englebert,1
humperdink,1
tornado,1
dove,1
tiger,1
tank,1
bowl,1
germs,1
driver's,1
lynn,1
loret\\,1
cameo,1
lets,1
freaky,1
deak,1
pumping,1
marking,1
aniello,1
executive,1
producer,1
jon,1
manager,1
innovative,1
recent,1
career,1
veteran,1
knocking,1
stumbling,1
intentions,1
shack,1
superdome,1
cavalry,1
blowin',1
reign,1
tumbling,1
cats,1
wesson,1
hellfire,1
mow,1
lawn,1
out',1
provides,1
hammer,1
nails,1
harvest,1
crops,1
ripe,1
engine,1
patch'er,1
banker,1
thin,1
drought,1
rifles,1
bombs,1
powder,1
flash,1
deathly,1
sounded,1
shells,1
stormed,1
dictators,1
crowned,1
marauders,1
raided,1
plains,1
sonny,1
returning,1
barons,1
greedy,1
ate,1
unpunished,1
outta,1
swamps,1
jersey,1
champions,1
balls,1
meadowlands,1
mosquitoes,1
airplanes,1
spilled,1
arena's,1
giants,1
drift,1
burnin',1
victories,1
glories,1
parking,1
desires,1
service,1
judgment,1
shepherd,1
roamed,1
faded,1
sun's,1
heavens,1
toss,1
bottom's,1
guidance,1
thunder's,1
rollin',1
companion,1
sorrows,1
there'll,1
sinners,1
losers,1
winners,1
whores,1
gamblers,1
thwarted,1
rewarded,1
yonder,1
calvary,1
silver,1
crackle,1
maryland,1
railroad,1
workers,1
birmingham,1
crossing,1
southern,1
pablo,1
rot,1
betray,1
dreamy,1
body'd,1
crawling,1
scratchin',1
starlit,1
cloak,1
god's,1
cave,1
dreamt,1
north,1
east,1
pyre,1
belly,1
sup,1
trusted,1
skills,1
sails,1
righteous,1
prevail,1
silk,1
satin,1
sweets,1
rushing,1
rivers,1
docked,1
ellis,1
island,1
spires,1
valley,1
mcnicholas,1
posalski's,1
smiths,1
zerillis,1
blacks,1
irish,1
italians,1
germans,1
jews,1
nothin,1
bellies,1
railroads,1
dyin,1
part\\,1
relevance,1
hazy,1
simplest,1
terms,1
violets,1
nut,1
bliss,1
doom,1
rea\\,1
maniac,1
shred,1
poof,1
knowin',1
toeing,1
prophecy,1
sneak,1
yp,1
wnat,1
marionette,1
dock,1
clue,1
basics,1
abc's,1
seas,1
{do,1
no},1
flowed,1
gots,1
disragard,1
healthy,1
posotive,1
equivalent,1
transchanneling,1
{prince,1
far},1
min,1
eyed,1
excuse,1
freezing,1
rely,1
phrases,1
fizzle,1
flicker,1
clipper,1
handshake,1
bottles,1
champagne,1
tsunami,1
tides,1
position,1
stalker,1
awkward,1
surface,1
sedative,1
warrior,1
foreigner,1
bottled,1
coroner,1
follower,1
filler,1
liver,1
ballpoint,1
passport,1
tan,1
fourth,1
finger,1
knuckle,1
bath,1
bubbles,1
loveable,1
snowflake,1
flick,1
cup,1
shrek,1
fairy,1
tale,1
dvd,1
vcr,1
owned,1
blu,1
ay,1
computer,1
controllers,1
flutter,1
eyelash,1
pendant,1
pebble,1
necklace,1
rests,1
peacefully,1
scan,1
unmade,1
dimple,1
fingernails,1
meanings,1
numbers,1
braces,1
cilmi,1
stadium,1
heights,1
damien,1
arabian,1
nighter,1
hyper,1
songwriter,1
game's,1
level,1
bound,1
prepared,1
vo,1
wax,1
ginger,1
dose,1
facelift,1
rapper's,1
laces,1
majors,1
nationwide,1
moustache,1
choir,1
fenchurch,1
tee,1
according,1
myspace,1
rufio,1
maker,1
elevator,1
safety,1
pressed,1
craving,1
alcohol,1
night's,1
whisky,1
shiver,1
joke,1
prefers,1
lumps,1
sake,1
dues,1
searched,1
blocking,1
stands,1
available,1
figures,1
rides,1
highbury,1
estate's,1
dragon,1
meals,1
flicking,1
driver,1
mics,1
uni,1
oak,1
reinventing,1
resembling,1
cutlery,1
hoody,1
smells,1
bonfire,1
formula,1
boiled,1
brew,1
sugars,1
paris,1
rome,1
rio,1
las,1
benson,1
vengeance,1
entrance,1
tendency,1
sentence,1
barley,1
sucker,1
apple,1
bacardi,1
naughty,1
fillers,1
wasps,1
toothbrush,1
tricks,1
bruise,1
stabbed,1
'a,1
cilmi',1
fulfills,1
sunburn,1
differently,1
tow,1
suited,1
brighten,1
brighton,1
pier,1
lighten,1
frightened,1
overrated,1
albert,1
shattered,1
april,1
outdoors,1
burnt,1
add,1
misbehave,1
hypnotise,1
shuffle,1
fever,1
either,1
gravitate,1
enlighten,1
unwind,1
drunken,1
hammock,1
strongbow,1
weaker,1
sleeper,1
deeper,1
invaded,1
sadists,1
developed,1
hater,1
radar,1
hennesey,1
glocks,1
fools,1
gangster,1
casual,1
usual,1
signs,1
resurrection's,1
arrived,1
clears,1
arise,1
surprising,1
guiding,1
advising,1
abuse,1
infected,1
chitter,1
chatter,1
yadder,1
dignity,1
freely,1
seedy,1
needy,1
breast,1
threes,1
demonstrate,1
aggravate,1
sympathy,1
unsure,1
life's,1
childish,1
dates,1
fakes,1
fecking,1
lonsdale,1
jumper,1
eases,1
ear,1
sellotape,1
blokes,1
celestial,1
wager,1
'disarm',1
'flooded,1
quarry',1
socks,1
lampshades,1
room's,1
clap,1
dunne,1
newton,1
faulkner,1
'amerikan,1
song',1
weaponry,1
slap,1
blisters,1
jp,1
flops,1
sock,1
stephanie,1
propped,1
'wow,1
nizlopi,1
andy,1
irvine,1
spanish,1
strand,1
vivid,1
milltown,1
pub,1
banish,1
lands,1
pill,1
justify,1
wayward,1
wept,1
cheeky,1
jokes,1
insomniac,1
lullaby,1
edgy,1
definition,1
jealous,1
fault,1
partially,1
treating,1
twinkle,1
widen,1
haunt,1
insomnia,1
cope,1
silent,1
screams,1
consistency,1
durability,1
brain,1
resurrect,1
psycho,1
paranoia,1
disappearing,1
quick,1
declare,1
dearly,1
converse,1
amends,1
depends,1
waking,1
fi,1
tickity,1
tock,1
backing,1
rewind,1
script,1
d'you,1
sparking,1
ducking,1
lock,1
pump,1
bins,1
consciousness,1
sinks,1
crocodile,1
deception,1
misses,1
noise,1
scents,1
babies,1
returned,1
overgrown,1
stares,1
bonus,1
brainwashed,1
moody,1
despise,1
baby's,1
rusty,1
haze,1
drink's,1
blurry,1
venus,1
mars,1
counting,1
cigarette,1
vengaboys,1
successful,1
considerable,1
results,1
producing,1
unique,1
un,1
sista,1
slanted,1
systems,1
skipped,1
froze,1
fro,1
fix,1
cuervo,1
cum,1
dial,1
physical,1
ropes,1
weigh,1
public,1
magnific,1
singer's,1
disease,1
shops,1
money's,1
rockin'est,1
gum,1
planned,1
upside,1
uniquely,1
ne,1
er,1
scale,1
emotions,1
separate,1
wilbert_sch@hotmail,1
destiny's,1
dealings,1
midnight,1
goodnight,1
commitment,1
knockin',1
butt,1
stealing,1
shelve,1
naturally,1
deed,1
rainb\\,1
bon,1
jovi,1
pawn,1
rule,1
dang,1
bon_j\\,1
ryan,1
leslie,1
laid,1
yeaahhhhh,1
abandon,1
beeeee,1
elyricsworld,1
thnk,1
oo,1
ur,1
wrongggg,1
tyrese,1
makers,1
relax,1
mornin',1
layin',1
temperature's,1
risin',1
sexy,1
invitin',1
cravin',1
thrust,1
satisfy,1
drive,1
doin',1
experience,1
gentleman,1
aw,1
georg\\,1
pep,1
runnin',1
hypnotised,1
psyched,1
immaculate,1
leavin,1
bat,1
guns,1
beds,1
creek,1
darwin,1
gadgets,1
gizmos,1
muzzle,1
muffle,1
inheritance,1
deanne\\,1
rd,1
cabaret,1
dorian,1
neighbour,1
gran,1
stashing,1
kitchen,1
sweeping,1
leaks,1
moonlight,1
sets,1
scoff,1
impeccable,1
disorder,1
mocks,1
tokyo\\,1
halfway,1
bracket,1
jacket,1
risk,1
ancient,1
russian,1
proverb,1
cracks,1
chore,1
sequence,1
here's,1
anyhow,1
mandolins,1
*use,1
television's,1
reflection,1
realizing,1
|harmonics,1
courage,1
|these,1
harmonics,1
letring,1
fail,1
lifehouse,1
a\\,1
mario,1
winans,1
background,1
&lt;p,1
diddy&gt;,1
whereabouts,1
movin,1
cruising,1
proving,1
abusing,1
choosin,1
undecided,1
undivided,1
denied,1
cryin,1
applying,1
extra,1
suv,1
freeze,1
indies,1
holla,1
phil,1
stacey,1
added,1
jaded,1
cruel,1
electric,1
mime,1
quid,1
dancer,1
karaoke,1
macarena,1
signal,1
headed,1
brick,1
sexsmith,1
finds,1
sings,1
refrao,1
whit,1
filth,1
anchor,1
etienne,1
anita,1
celebrate,1
yer,1
kicks,1
geisha,1
pearl,1
plc,1
newbury,1
sod,1
saint\\,1
technicolor,1
fateful,1
hateful,1
dwarves,1
&lt;i&gt;,1
i&gt;,1
uncertain,1
tragic,1
scenes,1
w\\,1
waved,1
saluted,1
military,1
h,1
housemartin\\,1
polished,1
houses,1
riches,1
waterfall,1
armor,1
culprit,1
south,1
fists,1
odds,1
stacked,1
puff,1
wineho\\,1
tammy,1
cochran,1
force,1
dreamin',1
dwell,1
oates,1
laughing's,1
mix,1
stillness,1
answers,1
aching,1
paradise,1
hungering,1
norma,1
askin',1
wedding,1
granted,1
majesty,1
completed,1
chica\\,1
su,1
unny,1
pillbox,1
drove,1
po,1
ontiac,1
utterflies,1
urning,1
t\\,1
tripped,1
ditch,1
drank,1
rsenic,1
insi,1
ide,1
expensive,1
french,1
rossinelli,1
title,1
nananana,1
weather,1
spears,1
emptiness,1
rude,1
thk,1
tat,1
&gt;&lt;,1
dz,1
luvlyf,1
jejejeje,1
famous,1
luvs,1
muahhh,1
childhood,1
yrs,1
couldnt,1
giv,1
lv,1
tym,1
vid,1
diffrnt,1
brit's,1
evry,1
nw,1
frgt,1
yr,1
gf,1
frm,1
ture,1
adored,1
actual,1
beacuse,1
else;,1
clear;,1
destand,1
badly,1
jolis,1
especialy,1
'never,1
uld,1
end',1
realy,1
odbye,1
ut,1
haha,1
lol,1
\,1
gurl,1
bc,1
nomatter,1
bcoz,1
communicate,1
liked,1
understood,1
havent,1
brits,1
wooh,1
quickening,1
alerts,1
nearby,1
genesis,1
craze,1
'masquerade',1
kit,1
williams,1
britain,1
concept,1
solution,1
midday,1
equinox,1
locate,1
'ah,1
ha',1
impossible,1
unearthed,1
burial,1
generated,1
passion,1
solves,1
herrings,1
'one,1
years',1
cheated,1
hits,1
ii,1
performing,1
soundedd,1
sunds,1
wembley,1
bold,1
oomph,1
triple,1
platinum,1
smash,1
topped,1
charts,1
interestingly,1
peaked,1
native,1
shirk,1
else'll,1
blinkin',1
narrow;,1
amuck,1
cooked,1
foam,1
harry,1
throwin',1
duck,1
philandrin,1
wife's,1
philanderin',1
bloodhound,1
poorest,1
bloke,1
bloomin,1
ey,1
eurogliders\\,1
identifying,1
ion,1
dissonance,1
shadows,1
freed,1
hover,1
wintry,1
mated,1
masters,1
childishly,1
greyish,1
magenta,1
solaris,1
dimly,1
desperately,1
blurring,1
describe,1
weariness,1
experienced,1
relentless,1
slips,1
marble,1
overwhelmed,1
neutrality,1
weightlessness,1
emptied,1
journey,1
swirl,1
silently,1
aerial,1
beings,1
th\\,1
demise,1
exquisite,1
inaudible,1
behold,1
profound,1
slumber,1
blindly,1
drugged,1
livid,1
frost,1
gradually,1
toward,1
crystallizing,1
passage,1
luring,1
frankly,1
mayday,1
adorable,1
glancing,1
wrist,1
cavalier,1
fights,1
mayda\\,1
ocean,1
neat,1
jason,1
mraz,1
affair,1
tole,1
thick,1
cliche,1
kra\\,1
headache,1
hairs,1
settling,1
unnoticed,1
rats,1
stomp,1
fl\\,1
dreamland,1
roaring,1
mice,1
facing,1
gathered,1
marl\\,1
works,1
connect,1
movie's,1
context,1
captures,1
railing,1
presupposed,1
realizes,1
kid's,1
seriously,1
faraway,1
impossibility,1
pasts,1
yearn,1
*that*,1
joseph,1
campbell's,1
writings,1
enjoys,1
quoting,1
article,1
possiblilty,1
sea;,1
poses,1
worrying,1
present,1
whats,1
theyll,1
hence,1
'maybe,1
far',1
hes,1
regular,1
peninsula,1
bible,1
fischer,1
dome,1
worthless,1
cute,1
sly,1
professional,1
fooled,1
eye\\,1
holes,1
opportunity's,1
undo,1
teacher,1
boring,1
didnt,1
jaime,1
captured,1
stevens',1
brilliant,1
senses,1
discover,1
thrilled,1
catalyst,1
humankind,1
satellite,1
betting,1
merwin,1
warner,1
marcos,1
charlie,1
bartlett,1
poignant,1
rex,1
wolf,1
sheep's,1
children's,1
nursey,1
existentialism,1
simplicity,1
rhonda,1
stewart,1
'harold,1
maude',1
strongly,1
reccomend,1
area,1
review,1
involved,1
bouquet,1
jets,1
brash,1
whip,1
savor,1
lash,1
wallflowers,1
porch,1
tires,1
meadows,1
barking,1
blackbird,1
layers,1
peeling,1
rattling,1
comming,1
crushing,1
grays,1
phantom,1
webs,1
exploding,1
mile,1
pools,1
rhapsodies,1
stride,1
hellbent,1
dignified,1
fooling,1
eminent,1
showed,1
photos,1
laughed,1
hesitate,1
spiders,1
undercover,1
heresy,1
treason,1
instability,1
oven,1
discovery,1
supersede,1
jurisdiction,1
favor,1
sketching,1
neighborhood's,1
malls,1
teaming,1
gravity,1
seein',1
nel\\,1
supercar,1
fernando,1
exception,1
hatetogetontheroadagain,1
vacation,1
har\\,1
downs,1
ins,1
outs,1
kni\\,1
belinda,1
sa,1
surprisingly,1
jacky,1
namibia,1
modelia,1
baartman,1
heals,1
kagiso,1
browneyes,1
unreasonable,1
elmarie,1
cabot,1
socan,1
photo,1
glace,1
harbour,1
breton,1
photographer,1
warren,1
gordon,1
verses,1
qualify,1
choral,1
amg,1
seto,1
mudcat,1
forum,1
aug,1
diocesan,1
boys',1
homecoming,1
demonstrates,1
dictionary,1
cuddy,1
cabin,1
stern,1
vessel,1
boat,1
accommodation,1
provisions,1
beatles,1
female,1
vernacular,1
'it,1
mild,1
disturbance,1
procreation,1
horrendous,1
inspiration,1
hyena,1
dandy,1
argue,1
paul,1
specific,1
inhibitions,1
intuitively,1
pleasurable,1
mccartney,1
major,1
superb,1
beatle,1
obsessed,1
cocaine,1
bonobo,1
valleys,1
elvis,1
presl\\,1
spite,1
blanket,1
carrie,1
unde\\,1
rolled,1
thundering,1
wishin',1
screen,1
costs,1
breakdown,1
explode,1
trick\\,1
lyle,1
lovett,1
office,1
steely,1
shiny,1
brightly,1
k\\,1
hollered,1
kicked,1
springtime,1
texas,1
faint,1
bluebonnets,1
paints,1
sixteen,1
seventeen,1
ues,1
chills,1
chevy,1
popcorn,1
roller,1
skate,1
seemsto,1
andi,1
olivia,1
attitude,1
wated,1
pimp,1
tapes,1
througth,1
contrl,1
wroong,1
tome,1
hugging,1
insteadof,1
cussingand,1
fussing,1
respecting,1
know;,1
plead,1
faw,1
cheating,1
deceit,1
seemd,1
depeche,1
week's,1
exercise,1
bricks,1
wipe,1
reba,1
mcentire,1
forgiveness,1
cuts,1
gasoline,1
curfews,1
you's,1
dodge,1
corsage,1
mama's,1
pearls,1
forbid,1
chapter,1
ribbons,1
tassels,1
photograph,1
filed,1
responses,1
rss,1
trackback,1
parents,1
sim,1
tattoo,1
ands,1
id,1
dont,1
ps,1
presumed,1
jordan's,1
fool's,1
chatting,1
dad's,1
venture,1
discussing,1
seattle,1
merely,1
meditated,1
summary,1
statement,1
resulting,1
biblically,1
meditative,1
mentioned,1
overtly,1
orientation,1
offend,1
mis,1
interpret,1
tme,1
occur,1
consideration,1
themes,1
concise,1
proceed,1
caution,1
wood,1
valuable,1
regeneration,1
sacrificial,1
benefits,1
satan,1
uses,1
interesting,1
contrast,1
hollowness,1
absence,1
stanza,1
flashy,1
wheat,1
alone;,1
bears,1
loses,1
hates,1
crucifixion,1
matthew,1
ultimate,1
literal,1
conflict,1
grandfather,1
stretch,1
unexpectedly,1
pregnant,1
decode,1
depressant,1
psychotic,1
googled,1
inform,1
shauns,1
enjoyed,1
generally,1
occurred,1
glosoli,1
troubles,1
surely,1
degrading,1
'love',1
directed,1
escapes,1
analogy,1
previous,1
reinforcer,1
painkiller,1
attempt,1
mixing,1
wanting,1
hellish,1
kindly,1
schizophrenic,1
poured,1
severe,1
malnutrition,1
health,1
ability,1
groundsman,1
similar,1
particularly,1
damaging,1
incident,1
packet,1
bag,1
effects,1
siblings,1
incidents,1
truely,1
communicated,1
damage,1
misinterpretation,1
considering,1
implicit,1
indirect,1
growth,1
maturity,1
suggest,1
avoidance,1
responsibility,1
family's,1
talents,1
faithfulness,1
marriage,1
bills,1
ceases,1
winning,1
symbolizes,1
someone's,1
another's,1
pained,1
wholesomeness,1
suddenly,1
committed,1
protection,1
realized,1
happier,1
symbolical,1
honesty,1
easter,1
unfair,1
creator,1
opening,1
'resurrection',1
aloof,1
times;,1
testament,1
huge,1
valued,1
reflects,1
precious,1
difficult,1
becomes,1
grammar,1
ph,1
important,1
college,1
degree,1
cheerful,1
there're,1
chairs,1
sin\\,1
shone,1
reminisce,1
ahh,1
types,1
queasy,1
profoundly,1
emotional,1
wounds,1
depend,1
colder,1
peach,1
gloriana,1
'this,1
forever',1
'that's,1
goes',1
gettin',1
messages,1
beggin',1
lyin',1
'better,1
right',1
patti,1
austin,1
noticed,1
remembers,1
bobby,1
bare,1
kindness,1
liberties,1
among,1
toast,1
encouraged,1
thrills,1
apples,1
could't,1
bobby\\,1
toby,1
sittin',1
hurtin',1
drinkin',1
ridin',1
knucklehead,1
joan,1
armatrading,1
declared,1
dreamers,1
cyru\\,1
now's,1
vanessa,1
chelsea,1
iam,1
lisa,1
kaitlyn,1
bell@,1
caitlin,1
hatin,1
thng,1
dsnt,1
hav,1
nt,1
ppl,1
whyd,1
kayty,1
kirsty,1
yvonne,1
uhp,1
countryy,1
btw,1
andddd,1
yhu,1
songsssss,1
everrrr,1
songg,1
heck,1
iconoclastic;,1
clastic,1
fantastic,1
participate,1
compensation,1
brush,1
preparing,1
portrait,1
perpetuate,1
pre,1
existing,1
runway,1
creating,1
elaboration,1
marker,1
exists,1
refine,1
emblem,1
aesthetic,1
kin,1
obscenity,1
crutch,1
restroom,1
politely,1
lifting,1
unanimous,1
determination,1
pointless,1
appreciation,1
invitation,1
bunny,1
cutie,1
aimless,1
outdated,1
crumbled,1
death\\,1
boundaries,1
cursed,1
thorns,1
scarlet,1
robe,1
crimson,1
unworthy,1
