ID,

word,frequency
would,256
one,234
like,220
think,191
people,191
time,173
get,166
i'm,153
see,149
good,139
go,131
know,130
want,127
much,121
also,108
way,108
make,104
may,103
could,99
really,94
say,94
going,93
said,93
still,88
well,87
even,86
use,82
need,81
game,81
back,80
look,80
sure,80
day,80
first,76
got,76
love,76
data,75
never,72
many,71
black,70
us,69
mixed,66
best,65
take,64
right,63
muslim,63
start,62
i've,61
find,58
though,58
years,58
keep,58
things,57
every,57
something,56
always,55
point,55
little,55
work,54
without,54
new,53
white,53
thing,52
might,52
&gt;,51
great,51
race,51
last,50
list,50
can't,50
lot,50
kids,50
friend,50
give,50
year,49
man,48
children,48
players,48
better,47
that's,47
feel,47
times,47
another,46
etc,46
getting,46
tell,45
please,45
girl,45
family,44
two,44
someone,44
probably,43
read,43
help,42
long,42
he's,42
owen,42
try,41
old,41
bit,41
dylan,41
cap,40
anything,40
telstra,39
different,39
post,39
team,39
done,38
maybe,38
around,38
song,38
i'd,37
since,37
phone,37
went,37
away,37
season,37
islam,37
happy,36
agree,36
saying,36
thought,36
come,36
playing,36
used,35
told,35
given,35
able,35
put,35
says,35
yes,35
started,35
understand,34
bed,34
$,34
top,34
world,34
thanks,33
friends,33
enough,33
trying,33
anyone,33
undecided,33
full,32
problem,32
actually,32
&,32
money,32
life,32
yet,32
player,32
home,31
days,31
part,31
face,31
experience,31
real,31
big,31
believe,31
win,31
left,30
made,30
bad,30
games,30
next,30
quite,29
less,29
question,29
thinking,29
hear,29
others,29
half,29
oilers,29
using,28
looking,28
reason,28
together,28
sorry,28
mine,28
everything,28
seem,28
everyone,28
kind,28
baby,28
far,28
yakupov,28
million,28
laser,28
cue,28
found,27
change,27
gone,27
show,27
obviously,27
ever,27
either,27
click,27
small,27
live,27
talk,27
mental,27
room,27
play,27
league,27
file,27
least,26
support,26
seen,26
let,26
later,26
link,26
leave,26
club,26
network,25
person,25
set,25
sometimes,25
become,25
almost,25
whole,25
goes,25
site,25
hope,25
roaming,24
advice,24
option,24
free,24
house,24
wanted,24
child,24
else,24
remember,24
story,24
week,24
wrong,24
dont,24
tidy,24
job,24
range,23
fact,23
hard,23
needs,23
lead,23
age,23
hair,23
soon,23
posted,23
name,23
united,23
cd,23
rather,22
however,22
must,22
weeks,22
pretty,22
looks,22
seems,22
nothing,22
making,22
night,22
already,22
ask,22
cause,22
contract,21
place,21
young,21
front,21
older,21
learn,21
register,21
mean,21
gets,21
comes,21
side,21
chance,21
knows,21
hall,21
saf,21
changed,20
problems,20
pm,20
mum,20
check,20
working,20
hours,20
stuff,20
today,20
door,20
thread,20
coming,20
original,20
pay,20
eberle,20
files,20
rip,20
g,19
care,19
forum,19
visit,19
needed,19
information,19
past,19
car,19
th,19
lol,19
sleep,19
manager,19
rodgers,19
write,19
end,18
matter,18
means,18
non,18
played,18
fun,18
whatever,18
track,18
open,18
starting,18
light,18
course,18
skin,18
danny,18
originally,18
becoming,18
fans,18
website,18
sharepoint,18
rafa,18
dave,18
schizophrenia,18
called,17
taking,17
issues,17
tried,17
certain,17
works,17
follow,17
spend,17
instead,17
numbers,17
nice,17
true,17
happen,17
along,17
views,17
sense,17
interest,17
mill,17
pick,17
draft,17
chelsea,17
issue,16
situation,16
ways,16
longer,16
unless,16
mind,16
often,16
buy,16
honest,16
based,16
drive,16
viewing,16
watch,16
important,16
talking,16
fire,16
terms,16
silver,16
clean,16
behind,16
rnh,16
windows,16
van,16
mosque,16
months,15
vodafone,15
month,15
service,15
took,15
turned,15
high,15
event,15
due,15
guess,15
living,15
came,15
ok,15
messages,15
fine,15
space,15
grow,15
heard,15
credit,15
volunteers,15
run,15
idea,15
im,15
basically,15
thank,15
school,15
food,15
oh,15
father,15
single,15
guys,15
œ,15
mad,15
tevez,15
early,15
shorty,15
george,15
mazda,15
yesterday,14
',14
turn,14
possible,14
signed,14
partner,14
exactly,14
knew,14
couple,14
similar,14
figure,14
future,14
giving,14
lost,14
across,14
success,14
plus,14
plan,14
posts,14
hit,14
hi,14
colour,14
thats,14
identity,14
e,14
brown,14
comments,14
enjoy,14
number,14
perhaps,14
opinion,14
l,14
wow,14
computer,14
chances,14
create,14
totally,14
media,14
learning,14
version,14
tracks,14
ronk,14
bob,14
chicharito,14
pi,14
area,13
connected,13
signal,13
whether,13
second,13
lots,13
anyway,13
head,13
relationship,13
forget,13
although,13
close,13
parents,13
control,13
what's,13
doubt,13
video,13
wants,13
reply,13
huge,13
recorded,13
asked,13
hour,13
sounds,13
class,13
seeing,13
email,13
country,13
worry,13
x,13
book,13
wish,13
feeling,13
system,13
answer,13
sister,13
liverpool,13
striker,13
england,13
voices,13
religion,13
available,12
per,12
gave,12
extra,12
example,12
imagine,12
services,12
sign,12
ones,12
taken,12
value,12
expensive,12
decide,12
worth,12
self,12
despite,12
pass,12
worked,12
feed,12
bring,12
running,12
ideas,12
water,12
near,12
build,12
simply,12
recently,12
skinned,12
meant,12
interesting,12
ago,12
interested,12
hunt,12
teams,12
felt,12
goal,12
killed,12
road,12
term,12
save,12
mate,12
electrolysis,12
manchester,12
gary,12
alex,12
micheal,12
bb,12
illness,12
continue,11
bill,11
certainly,11
carrier,11
case,11
choice,11
three,11
wonder,11
call,11
telling,11
dad,11
amount,11
clicking,11
shows,11
spent,11
group,11
short,11
dollars,11
cost,11
iphone,11
reading,11
entire,11
truth,11
wall,11
floor,11
ive,11
calendar,11
none,11
makes,11
tick,11
eyes,11
hand,11
society,11
loved,11
son,11
putting,11
mostly,11
usually,11
kinda,11
dollar,11
alone,11
saw,11
sit,11
picture,11
yeah,11
jones,11
sent,11
cup,11
creates,11
excel,11
national,11
error,11
pc,11
onthesidelines,11
burned,11
eac,11
von,11
supposed,10
process,10
shown,10
there's,10
comment,10
happens,10
pain,10
return,10
keeping,10
moment,10
parent,10
select,10
selection,10
city,10
involved,10
likely,10
minutes,10
willing,10
paying,10
hate,10
added,10
hearing,10
particular,10
touch,10
books,10
sessions,10
higher,10
worried,10
button,10
large,10
luck,10
third,10
forced,10
view,10
facebook,10
hes,10
brother,10
racism,10
wait,10
dark,10
parts,10
wrote,10
outlook,10
several,10
's,10
football,10
potential,10
type,10
expansion,10
dailies,10
options,10
absolutely,10
writing,10
afford,10
smid,10
compared,10
treatment,10
title,10
expressed,10
noticeboard,10
learned,10
copy,10
wav,10
offset,10
schmidt,10
microwave,10
move,9
takes,9
voda,9
ready,9
update,9
clearly,9
stay,9
according,9
reported,9
via,9
costs,9
simple,9
staff,9
gain,9
depends,9
women,9
families,9
teenager,9
agreed,9
faq,9
proceed,9
difficult,9
obama,9
likes,9
ground,9
events,9
receive,9
period,9
honestly,9
paid,9
offer,9
decent,9
they're,9
quick,9
business,9
seemed,9
worse,9
wont,9
op,9
thinks,9
cheap,9
wondering,9
neither,9
fantastic,9
dd,9
local,9
late,9
born,9
average,9
correct,9
trade,9
looked,9
easy,9
uk,9
wheat,9
multiple,9
five,9
asleep,9
missing,9
men,9
crying,9
clear,9
supporting,9
k,9
death,9
sat,9
role,9
film,9
folk,9
ufa's,9
manage,9
voted,9
perfect,9
mil,9
results,9
position,9
join,9
request,9
childcare,9
market,9
faye,9
bio,9
abuse,9
disorder,9
onto,8
thoughts,8
considering,8
charges,8
charge,8
`,8
happened,8
checked,8
location,8
accept,8
walk,8
impossible,8
suddenly,8
direct,8
confrontation,8
choose,8
carried,8
allowed,8
special,8
lives,8
met,8
order,8
changes,8
news,8
tickets,8
level,8
review,8
entry,8
mention,8
mentioned,8
expect,8
emails,8
bought,8
wondered,8
suggest,8
form,8
exact,8
internet,8
glass,8
reasons,8
november,8
android,8
recall,8
kid,8
indian,8
daughter,8
showing,8
heritage,8
growing,8
plenty,8
hey,8
positive,8
core,8
guy,8
doesnt,8
community,8
sell,8
clothes,8
pennies,8
deep,8
missed,8
improve,8
annoyed,8
enjoyed,8
risk,8
towards,8
became,8
diagnosed,8
cancer,8
especially,8
god,8
gives,8
waiting,8
logged,8
series,8
clone,8
stories,8
easier,8
usual,8
line,8
salary,8
teubert,8
contracts,8
previous,8
goalie,8
goals,8
income,8
decision,8
fields,8
starts,8
depending,8
ball,8
chest,8
squad,8
falcao,8
heart,8
present,8
endangered,8
neville,8
st,8
substance,8
kenny,8
boy,8
radio,8
quran,8
ear,8
milk,8
mentally,8
copies,8
cds,8
ripped,8
eric,8
channels,8
rust,8
page,8
ill,8
shop,7
coverage,7
aware,7
c,7
mb,7
mobile,7
seriously,7
difference,7
properly,7
screen,7
user,7
allow,7
avoid,7
provide,7
i'll,7
recent,7
changing,7
upon,7
generation,7
heads,7
mother,7
treated,7
blind,7
discussion,7
extension,7
trust,7
key,7
rest,7
tv,7
known,7
questions,7
minute,7
four,7
cannot,7
gold,7
greater,7
forward,7
talent,7
particularly,7
products,7
overall,7
middle,7
strange,7
weekend,7
poor,7
within,7
gb,7
watching,7
app,7
nights,7
tired,7
stop,7
date,7
replacement,7
table,7
id,7
shes,7
animal,7
environment,7
google,7
brigade,7
responsible,7
professional,7
races,7
ds,7
passed,7
stranger,7
jpg,7
explaining,7
speak,7
admit,7
history,7
main,7
board,7
decided,7
trash,7
updates,7
lo,7
mop,7
student,7
highly,7
gear,7
pvp,7
imo,7
opening,7
blue,7
style,7
box,7
throughout,7
stand,7
glad,7
currently,7
star,7
wars,7
cgi,7
anakin,7
convinced,7
roster,7
gagne,7
drafting,7
signing,7
healy,7
signings,7
fit,7
wise,7
enable,7
meet,7
source,7
casey,7
field,7
rooms,7
easily,7
gaps,7
faster,7
net,7
suarez,7
winning,7
cl,7
torres,7
isnt,7
necessarily,7
record,7
lines,7
audio,7
lossless,7
isrc,7
info,7
died,7
cars,7
spanish,7
disabled,7
brian,7
diagnosis,7
engine,7
social,7
rt,7
stigma,7
customers,6
customer,6
charged,6
roaming',6
informed,6
stage,6
welcome,6
rate,6
fully,6
reasonable,6
refuse,6
ps,6
offering,6
cheaper,6
subject,6
power,6
wife,6
influence,6
characters,6
sulking,6
sun,6
regard,6
husband,6
adult,6
proper,6
include,6
edit,6
boyfriend,6
we've,6
spending,6
topic,6
married,6
current,6
wedding,6
president,6
preferred,6
cover,6
attention,6
spoke,6
viewers,6
focus,6
listen,6
benefits,6
stars,6
prepared,6
knowledge,6
public,6
common,6
fairly,6
lived,6
#,6
com,6
sort,6
online,6
movies,6
manual,6
wifi,6
strong,6
suggested,6
task,6
train,6
straight,6
helpful,6
enclosure,6
sync,6
appear,6
party,6
obvious,6
contact,6
mark,6
recommend,6
recommendation,6
cross,6
african,6
sides,6
lucky,6
dual,6
negative,6
tells,6
grandma,6
somebody,6
raced,6
mistaken,6
birth,6
nose,6
european,6
general,6
caribbean,6
bond,6
leaves,6
countries,6
planning,6
stopped,6
popular,6
cool,6
educational,6
health,6
lifetime,6
backs,6
hole,6
lets,6
didnt,6
tone,6
relative,6
he'll,6
sleeping,6
vanilla,6
text,6
bc,6
pre,6
nobody,6
rep,6
complete,6
fair,6
require,6
slightly,6
definitely,6
versions,6
obi,6
major,6
training,6
sake,6
jar,6
whose,6
'draft,6
nail,6
la,6
vs,6
relatively,6
building,6
friedman,6
rfa,6
dubnyk,6
hartikainen,6
raises,6
score,6
hits,6
low,6
effective,6
figures,6
growth,6
related,6
individual,6
refrain,6
round,6
kleiza,6
vote,6
stick,6
chat,6
outside,6
required,6
puck,6
anywhere,6
elective,6
posting,6
pop,6
sky,6
clubs,6
n,6
xls,6
liked,6
assuming,6
traditional,6
marry,6
allah,6
shahada,6
amongst,6
ronaldo,6
sheet,6
brand,6
album,6
jorge,6
ramos,6
javier,6
defend,6
station,6
bbots,6
web,6
nutrients,6
disorders,6
patients,6
violent,6
vodaphone,5
pack,5
users,5
realised,5
issued,5
wonderful,5
function,5
action,5
misleading,5
access,5
offered,5
explained,5
stupid,5
moved,5
worst,5
arrangement,5
settings,5
fake,5
lady,5
woman,5
wear,5
decisions,5
areas,5
ex,5
we'll,5
negotiation,5
surely,5
note,5
skilled,5
directly,5
moments,5
content,5
interests,5
responsibility,5
serious,5
format,5
lie,5
candidate,5
answers,5
americans,5
among,5
equivalent,5
drawn,5
positions,5
volunteering,5
ultimately,5
effect,5
empty,5
purposes,5
considered,5
worries,5
download,5
hot,5
sound,5
limit,5
ios,5
usage,5
push,5
overnight,5
turning,5
daily,5
quickly,5
leaving,5
tonight,5
double,5
send,5
including,5
cut,5
wave,5
loves,5
company,5
add,5
management,5
nov,5
opinions,5
claim,5
dh,5
except,5
feels,5
mothers,5
english,5
girls,5
b,5
bringing,5
racial,5
experiences,5
mix,5
practice,5
notice,5
suppose,5
asian,5
mixture,5
feature,5
teach,5
prime,5
america,5
law,5
various,5
dps,5
otherwise,5
leading,5
appreciate,5
w,5
biological,5
store,5
blood,5
silly,5
height,5
terrible,5
apart,5
wanting,5
session,5
warm,5
research,5
widely,5
cold,5
material,5
mid,5
coins,5
pull,5
pushed,5
bunch,5
pics,5
friendship,5
words,5
bottle,5
we're,5
explain,5
pressure,5
whilst,5
expac,5
favorite,5
talked,5
finally,5
tight,5
committed,5
battles,5
quality,5
succeed,5
points,5
address,5
fan,5
luke,5
wan,5
trilogy,5
jackson,5
evil,5
population,5
dumb,5
era,5
personal,5
asking,5
owners,5
smyth,5
members,5
dime,5
crosby,5
malkin,5
neal,5
staal,5
lose,5
coach,5
anderson,5
shot,5
defensive,5
messy,5
cleaning,5
yo,5
mins,5
treatments,5
ideal,5
goalies,5
f,5
replace,5
bully,5
capabilities,5
motorhome,5
roger,5
abroad,5
protected,5
global,5
reflect,5
representatives,5
viewed,5
premier,5
speed,5
managers,5
export,5
saved,5
microsoft,5
sacked,5
patience,5
begin,5
unlike,5
employed,5
haha,5
songs,5
christian,5
speaks,5
youtube,5
nervous,5
il,5
aloud,5
arabic,5
newcastle,5
brake,5
dbpa,5
ripping,5
flac,5
writer,5
bd,5
h,5
charlie,5
dylan's,5
|,5
janice,5
bbc,5
programming,5
hospital,5
illnesses,5
eviction,5
endearing,5
refused,5
ms,5
flower,5
microwaves,5
surface,5
tablets,5
states,5
consent,5
roam,4
ie,4
included,4
;,4
showed,4
capable,4
ability,4
stands,4
profit,4
strength,4
raised,4
occur,4
quote,4
agreement,4
caught,4
galaxy,4
conducted,4
annoying,4
behave,4
modern,4
upset,4
equals,4
lies,4
sex,4
behaviour,4
resolution,4
rely,4
marriage,4
wood,4
greatly,4
appreciated,4
human,4
nature,4
surprised,4
share,4
mode,4
debates,4
letting,4
suits,4
discussing,4
state,4
leaning,4
checking,4
deal,4
thursday,4
cash,4
assist,4
catch,4
importance,4
traffic,4
smaller,4
pays,4
advise,4
they've,4
genuine,4
bet,4
reality,4
spare,4
weird,4
multi,4
downloading,4
switch,4
levels,4
rarely,4
monitor,4
bits,4
apps,4
eight,4
let's,4
fear,4
account,4
rang,4
keeps,4
ran,4
escape,4
tips,4
something's,4
neighbour,4
fault,4
prove,4
qualified,4
spot,4
break,4
retired,4
smoke,4
educate,4
proud,4
it'll,4
boys,4
education,4
chicken,4
they'll,4
tend,4
generally,4
accepted,4
dp,4
iv,4
equally,4
beautiful,4
library,4
confidence,4
lovely,4
amazing,4
youngest,4
dc,4
pale,4
shades,4
ethnic,4
complicated,4
sorts,4
www,4
u,4
realise,4
pregnant,4
organisation,4
exist,4
tough,4
opposite,4
chosen,4
younger,4
darker,4
concerned,4
taught,4
remains,4
becomes,4
rice,4
odd,4
falling,4
accepting,4
genuinely,4
developing,4
child's,4
journey,4
background,4
disagree,4
argentinian,4
argentina,4
funny,4
american,4
sadly,4
ceiling,4
disadvantage,4
continuing,4
hello,4
following,4
body,4
noticed,4
doctor,4
hunted,4
permission,4
driven,4
war,4
digging,4
feet,4
expected,4
crazy,4
hunting,4
wasnt,4
pure,4
nowhere,4
machines,4
pile,4
alonso,4
red,4
quoted,4
wind,4
development,4
pressuring,4
staying,4
dirty,4
wee,4
enjoying,4
tho,4
turns,4
scared,4
fed,4
suffer,4
sitting,4
character,4
named,4
raiding,4
assume,4
epic,4
mount,4
excited,4
complain,4
raids,4
bonus,4
loot,4
dk,4
playstyle,4
larger,4
cata,4
episode,4
actors,4
episodes,4
force,4
falls,4
interaction,4
assumed,4
bigger,4
discover,4
heroes,4
challenges,4
p,4
segment,4
richards,4
carter,4
penner,4
bernier,4
we'd,4
discounts,4
career,4
word,4
guns,4
here's,4
fill,4
murray,4
proven,4
sam,4
petry,4
paajarvi,4
traded,4
whitney,4
deals,4
rajala,4
abney,4
rfa's,4
significant,4
eager,4
schultz,4
possibly,4
names,4
spots,4
edited,4
sig,4
compare,4
defense,4
discussions,4
useful,4
automatic,4
pensioners,4
office,4
households,4
final,4
investment,4
fuck,4
sf,4
poll,4
wins,4
concentrate,4
bedroom,4
effort,4
toys,4
kept,4
programs,4
cant,4
places,4
cj,4
earlier,4
hairs,4
shave,4
absolute,4
singer,4
center,4
runs,4
consider,4
scaaaaaaaaaaaaaaaaared,4
andre,4
wisdom,4
pocket,4
skrtel,4
agger,4
prem,4
mongrel,4
demba,4
ba,4
managed,4
saturday,4
prison,4
midwifery,4
accommodation,4
science,4
protection,4
land,4
wa,4
sharks,4
increased,4
shut,4
gerrard,4
pundit,4
hodgson,4
assistant,4
matteo,4
guest,4
specifications,4
sp,4
iqy,4
spreadsheet,4
tied,4
batch,4
synch,4
server,4
workbook,4
border,4
synchronize,4
destroyed,4
reliably,4
consistently,4
erroring,4
tuesday,4
matt,4
count,4
philosophy,4
rafa's,4
transfer,4
anyways,4
standing,4
suspect,4
rules,4
scoring,4
gate,4
ages,4
technique,4
closed,4
miss,4
clock,4
videos,4
thankful,4
sin,4
introduced,4
hang,4
smoking,4
impure,4
purity,4
mosques,4
scored,4
goalscorer,4
repeat,4
disc,4
dbpoweramp,4
patchcr,4
compressed,4
noncompliant,4
john,4
mcguinn,4
recording,4
notes,4
mine&gt;,4
direction,4
commentator,4
midnight,4
rebeckah,4
vilely,4
jeered,4
him;,4
lovey,4
dovey,4
simpering,4
sweetly,4
stints;,4
'media',4
prestigious,4
adverse,4
noms,4
instruction,4
aaron,4
louise,4
repairs,4
civic,4
cookies,4
technology,4
possibilities,4
cellmax,4
organic,4
bloom,4
cannabis,4
potatoes,4
software,4
pedal,4
blog,4
hallucinations,4
homicide,4
severe,4
dependent,4
drugs,4
recovery,4
paranoia,4
escher,4
violence,4
symptoms,4
discharged,4
psychiatric,4
moving,3
shit,3
incur,3
occured,3
simcard,3
sim,3
stated,3
condition,3
subtext,3
connect,3
chose,3
dispute,3
arguments,3
assess,3
observed,3
affect,3
basic,3
argument,3
nearly,3
tech,3
solution,3
hence,3
specific,3
tags,3
hidden,3
brilliant,3
treat,3
naive,3
cases,3
subtle,3
people's,3
relationships,3
bloke,3
female,3
kill,3
status,3
'tis,3
time's,3
plague,3
madmen,3
shakespear,3
king,3
lear,3
curfew,3
continued,3
row,3
throw,3
cameo,3
dialogue,3
responses,3
limited,3
debate,3
candidates,3
speaking,3
tune,3
necessary,3
handle,3
indicates,3
prizes,3
guard,3
ev,3
therefore,3
sets,3
compete,3
incentives,3
spectators,3
fees,3
sport,3
driving,3
seats,3
lately,3
promote,3
competition,3
marketing,3
actual,3
loss,3
indeed,3
package,3
bluetooth,3
lawn,3
flame,3
scream,3
cellular,3
signals,3
okay,3
reader,3
multitasking,3
instance,3
hardware,3
zero,3
frozen,3
reception,3
morning,3
flat,3
paranoid,3
trys,3
lounge,3
sleeps,3
legs,3
believer,3
natural,3
variety,3
air,3
display,3
split,3
devices,3
message,3
tenant,3
broke,3
doors,3
act,3
insurance,3
partially,3
'no,3
previously,3
recommended,3
undo,3
delete,3
separately,3
culture,3
jobs,3
theyre,3
'you,3
confused,3
matters,3
majority,3
cast,3
aswell,3
eat,3
pride,3
central,3
cried,3
dcs,3
mixes,3
embrace,3
cook,3
successful,3
backgrounds,3
produce,3
completely,3
ensure,3
aa,3
unique,3
sight,3
features,3
tan,3
burn,3
independent,3
facing,3
sons,3
regardless,3
encounter,3
sees,3
persons,3
fight,3
route,3
unfortunately,3
regularly,3
uncles,3
irrelevant,3
brings,3
adopted,3
differing,3
bothered,3
alongside,3
satisfied,3
judgement,3
teased,3
teeth,3
helped,3
reduced,3
manner,3
carry,3
ladies,3
tummy,3
warmer,3
haramaki,3
band,3
buying,3
lunch,3
headed,3
thru,3
fall,3
venture,3
iron,3
semi,3
foot,3
everywhere,3
bar,3
walked,3
rain,3
treasure,3
reportedly,3
lack,3
brought,3
fighting,3
six,3
needing,3
uncomfortable,3
worrying,3
hv,3
attitude,3
immaculate,3
october,3
wakes,3
blizzard,3
warcraft,3
horrible,3
killing,3
eventually,3
leveled,3
began,3
guild,3
troubles,3
experienced,3
perspective,3
complaining,3
rant,3
commit,3
blues,3
rants,3
org,3
heroic,3
omg,3
master,3
pace,3
aspect,3
piece,3
peoples,3
roll,3
dropped,3
boss,3
lfr,3
lower,3
buddy,3
thus,3
kills,3
truly,3
continues,3
path,3
balanced,3
log,3
toilet,3
enjoyment,3
forums,3
jedi,3
passing,3
solo,3
anymore,3
leia,3
faces,3
lightsabres,3
realistic,3
suit,3
meaningful,3
boring,3
whoever,3
depth,3
bookmarks,3
hnic,3
oilers',3
yakupov',3
murray',3
rediculous,3
kings,3
stacked,3
kopitar,3
doughty,3
tandem,3
elc,3
horcoff,3
winner,3
holes,3
somewhere,3
rewards,3
glen,3
ryan,3
elliot,3
replaced,3
roy,3
potter,3
bottom,3
picking,3
prospects,3
pittsburgh,3
slight,3
gettin,3
laughing,3
root,3
http,3
incomes,3
result,3
cashquestions,3
panel,3
financial,3
security,3
strategy,3
bloody,3
shopping,3
forgotten,3
hurry,3
starter,3
preseason,3
bench,3
lottery,3
finish,3
who's,3
broken,3
damaged,3
rule,3
crap,3
sudden,3
details,3
venue,3
endless,3
norm,3
touches,3
yards,3
carries,3
scratching,3
nd,3
twice,3
winter,3
removal,3
dealing,3
diary,3
bumps,3
stuck,3
painful,3
spf,3
hurt,3
brave,3
finished,3
voice,3
swear,3
r,3
immediately,3
dribbling,3
controlled,3
reporting,3
square,3
model,3
distance,3
jay,3
relation,3
organisations,3
biggest,3
unlikely,3
transport,3
placement,3
communities,3
sources,3
funding,3
fund,3
approach,3
basis,3
predators,3
theres,3
extinct,3
base,3
danger,3
humans,3
records,3
activities,3
eg,3
evidence,3
killer,3
increase,3
scientific,3
study,3
attacked,3
sooner,3
joe,3
hotel,3
capello,3
scouting,3
referring,3
arm,3
attacking,3
swallow,3
facts,3
mar,3
apr,3
tool,3
press,3
fellow,3
worms,3
singing,3
lfc,3
br,3
teh,3
frustrating,3
trouble,3
sacking,3
sick,3
crowd,3
fsg,3
predicted,3
suffering,3
summer,3
recreate,3
noise,3
louis,3
unavailable,3
madrid,3
standard,3
lone,3
element,3
circumstances,3
murder,3
beside,3
mary,3
sing,3
refreshing,3
sir,3
religious,3
muslims,3
necessity,3
insults,3
respectfully,3
masjid,3
faith,3
sincere,3
actions,3
chatting,3
iver,3
seas,3
smell,3
prolly,3
schools,3
collection,3
threaten,3
perform,3
companies,3
member,3
significantly,3
valencia,3
causing,3
matches,3
cr,3
benzema,3
confirms,3
arrogant,3
afraid,3
convert,3
correction,3
tools,3
recognised,3
dt,3
bugs,3
lookup,3
pulled,3
samples,3
writes,3
quit,3
paul,3
credits,3
rumors,3
bootleg,3
tom,3
street,3
recordings,3
variation,3
liner,3
lp,3
he'd,3
leadbelly,3
adaptation,3
impressed,3
fourth,3
ch,3
nickle,3
lousy,3
lomax,3
cares,3
scumbag,3
pleasant,3
hernandez,3
reference,3
mike,3
document,3
twitter,3
listening,3
medical,3
canada,3
cooking,3
instructions,3
hm's,3
jay's,3
'sh,3
tting,3
fridge',3
escapade,3
ammunition,3
obv,3
suspected,3
evictees,3
heaven,3
nominations,3
dr,3
mechanic,3
storys,3
corolla,3
hp,3
lists,3
machine,3
applications,3
achieve,3
morgaine,3
computing,3
engaging,3
opposed,3
bizz,3
veg,3
nutes,3
manufacturers,3
oven,3
steam,3
butter,3
intel,3
remote,3
passes,3
chess,3
intellectual,3
skills,3
labs,3
marissa,3
craigs,3
keyword,3
phrase,3
harm,3
primary,2
thier,2
suggestion,2
april,2
optus,2
default,2
nextg,2
gis,2
handset,2
allowance,2
overseas,2
roming,2
everytime,2
provider,2
consume,2
displayed,2
swap,2
upgrading,2
ota,2
fails,2
manually,2
operator,2
sells,2
toggle,2
apparently,2
ignore,2
steps,2
assessors,2
tio,2
accordingly,2
stating,2
unacceptable,2
rates,2
warned,2
laid,2
spin,2
pointing,2
exists,2
threads,2
samsung,2
acceptable,2
switching,2
statement,2
voda's,2
goat,2
networking,2
fix,2
would've,2
bear,2
household,2
sympathy,2
breadwinner,2
partnership,2
partners,2
survive,2
mother's,2
perfectly,2
roles,2
strike,2
feeding,2
welsh,2
holiday,2
noted,2
dad's,2
town,2
sad,2
sharp,2
forms,2
manipulation,2
teacher,2
honourable,2
visa,2
versa,2
insisted,2
weekends,2
unreasonable,2
adults,2
offspring,2
domination,2
imposed,2
former,2
safe,2
disagreement,2
parties,2
addressing,2
calmly,2
imposition,2
directions,2
similarities,2
doubts,2
spell,2
someday,2
couples,2
knock,2
emulate,2
forth,2
habit,2
fleeting,2
confident,2
mildly,2
dude,2
presidential,2
douglas,2
longest,2
creeper,2
phase,2
blew,2
handled,2
repigs,2
beginning,2
watched,2
undecideds,2
romney,2
heavy,2
performance,2
shirt,2
dressage,2
jumping,2
ticket,2
draw,2
de,2
park,2
definition,2
valuable,2
corporate,2
sports,2
golf,2
subsequently,2
sponsors,2
involvement,2
risking,2
anybody,2
meal,2
respect,2
outsourcing,2
heck,2
differentiate,2
minimum,2
time',2
sms,2
consultant,2
calls,2
meter,2
updated,2
shelves,2
mactalk,2
constantly,2
connection,2
uses,2
ipad,2
july,2
somehow,2
culprit,2
sucked,2
upgraded,2
rocket,2
fishy,2
load,2
seven,2
downloads,2
setup,2
horror,2
approx,2
mistakes,2
purchase,2
pointed,2
holding,2
wake,2
sweat,2
arguing,2
beardie,2
naturally,2
inquisitive,2
sits,2
somthing,2
smelling,2
scale,2
wild,2
handling,2
tank,2
firm,2
tries,2
size,2
stimulating,2
supporter,2
outdoor,2
fresh,2
outdoors,2
dragon,2
ft,2
raising,2
laptop,2
device,2
calendars,2
rectify,2
repair,2
landlord,2
legal,2
maintain,2
court,2
learnt,2
consulting,2
fireman,2
duty,2
premise,2
claimed,2
fire',2
british,2
housing,2
aslong,2
carribean,2
daddy,2
mini,2
color,2
films,2
opportunities,2
posters,2
identities,2
ought,2
grown,2
international,2
shock,2
confusing,2
grey,2
diversity,2
diverse,2
village,2
curious,2
mummy,2
childrens,2
plain,2
shine,2
negativity,2
shall,2
wheel,2
worded,2
tones,2
hold,2
conscious,2
ha,2
louisiana,2
ethnicity,2
barely,2
joking,2
slave,2
examples,2
notion,2
passionate,2
children's,2
fortunate,2
workplace,2
minority,2
arise,2
twin,2
cope,2
shade,2
appears,2
blond,2
confusion,2
moraw,2
varying,2
extended,2
aunts,2
welcoming,2
differently,2
whereas,2
seek,2
unfortunate,2
response,2
regarding,2
understands,2
regards,2
quarter,2
native,2
danish,2
asks,2
classify,2
london,2
clothing,2
judge,2
tall,2
digested,2
awareness,2
chinese,2
pretending,2
proportion,2
search,2
alive,2
weather,2
tam,2
minimize,2
literally,2
bottles,2
nukunuku,2
co,2
shops,2
published,2
babycenter,2
contents,2
described,2
provides,2
designed,2
concerns,2
consult,2
healthcare,2
bound,2
arrived,2
demolished,2
piles,2
strewn,2
earth,2
zone,2
invited,2
tons,2
seconds,2
sounded,2
inches,2
popped,2
pops,2
yelled,2
probes,2
scores,2
fast,2
franklin,2
beep,2
halfs,2
whats,2
dirt,2
instantly,2
hundred,2
oz,2
identified,2
birthday,2
incredible,2
dig,2
navigate,2
hh,2
detecting,2
finding,2
fernando,2
ferrari,2
criticised,2
ferrari's,2
championship,2
vettel,2
german,2
pieces,2
resigned,2
inferior,2
laws,2
cries,2
nappies,2
guilty,2
thanking,2
mentioning,2
mums,2
happier,2
stressing,2
helping,2
nagging,2
nursery,2
everyday,2
kiddies,2
replied,2
out',2
dry,2
figured,2
xxx,2
tempted,2
treating,2
slap,2
prompt,2
comedy,2
claiming,2
parentage,2
iii,2
forever,2
damn,2
gameplay,2
brief,2
remission,2
med,2
dentarg,2
countless,2
occurs,2
tbc,2
sunwell,2
arena,2
toon,2
introduction,2
casual,2
farming,2
mc,2
gates,2
rank,2
purple,2
shat,2
dalaran,2
besides,2
dungeons,2
healing,2
harder,2
tillers,2
fishing,2
movie,2
desire,2
pet,2
spec,2
rolls,2
frustrated,2
drop,2
rolling,2
hardcore,2
pve,2
troll,2
materials,2
bookmark,2
reward,2
blizz,2
impacts,2
standpoint,2
minor,2
wrath,2
definately,2
retrospect,2
powered,2
xpac,2
released,2
hoping,2
jump,2
script,2
sucks,2
indiana,2
mentor,2
ot,2
ford,2
toy,2
overload,2
overdone,2
powers,2
forests,2
endor,2
hoth,2
sequences,2
*was*,2
'oohing',2
'awweing',2
fabulous,2
generated,2
skyscraper,2
ass,2
signs,2
ends,2
plinkette,2
skipped,2
anakin's,2
phantom,2
menace,2
chemistry,2
lucas',2
ruled,2
advanced,2
cities,2
ahead,2
binks,2
robots,2
embargo,2
plot,2
****,2
setting,2
smarter,2
toned,2
prequels,2
fate,2
infinite,2
cartoon,2
seasons,2
medium,2
developed,2
emotional,2
trained,2
folder,2
whippet,2
investing,2
costly,2
postage,2
rescue,2
pic,2
dogs,2
banana,2
profile,2
forwards,2
built,2
dream,2
discount,2
boot,2
juggling,2
trading,2
plug,2
avoiding,2
wage,2
walking,2
stanley,2
selfish,2
demand,2
salaries,2
magic,2
tavares,2
extreme,2
command,2
agents,2
absurd,2
drafted,2
jeff,2
raise,2
backup,2
omark,2
vandevelde,2
barker,2
peckham,2
frees,2
petrell,2
hordichuk,2
bye,2
sutton,2
khabibulin,2
retire,2
injuries,2
shape,2
pitlick,2
hamilton,2
lander,2
martindale,2
resign,2
hemsky,2
belanger,2
resigning,2
lowered,2
nhl,2
decrease,2
agent,2
competitive,2
yak,2
dance,2
june,2
kipper,2
iggy,2
loser,2
wears,2
projectfork,2
requires,2
hosting,2
php,2
sites,2
project,2
considerably,2
statistics,2
disposable,2
spread,2
pensioner,2
generosity,2
pensions,2
benefit,2
government,2
closing,2
households',2
pension,2
finance,2
experts,2
disclaimer,2
contained,2
requirements,2
iceland,2
missus,2
loud,2
favour,2
waking,2
premature,2
impressive,2
tomorrow,2
raps,2
camp,2
slow,2
gerald,2
wallace,2
match,2
block,2
instant,2
lineup,2
develop,2
consistent,2
indy,2
closer,2
shoot,2
green,2
sg,2
williams,2
humble,2
praised,2
excused,2
guidelines,2
attacks,2
'recommend',2
confirm,2
they'd,2
hoover,2
stunt,2
creativity,2
meh,2
hates,2
mess,2
laundry,2
removed,2
shared,2
extremely,2
privilege,2
drinks,2
cleaner,2
prevent,2
washing,2
cleaned,2
lift,2
chair,2
wouldnt,2
flashes,2
reports,2
brides,2
recognise,2
holder,2
tables,2
bride,2
groom,2
famous,2
scheme,2
theme,2
string,2
autumn,2
calm,2
spiller,2
dangerous,2
rle,2
shaved,2
cycle,2
electro,2
helps,2
bearable,2
awesome,2
appointment,2
numb,2
tightness,2
recovering,2
shaving,2
experiencing,2
acne,2
tiny,2
breeze,2
xd,2
encourage,2
lighter,2
conditions,2
alot,2
guide,2
clinician,2
normally,2
realized,2
difficulty,2
numbing,2
cream,2
execute,2
angle,2
total,2
automatically,2
animation,2
triple,2
olds,2
battle,2
coupled,2
rattle,2
fwd,2
glove,2
highlighted,2
fifa,2
captures,2
drama,2
unpredictability,2
soccer,2
innovations,2
revolutionize,2
artificial,2
intelligence,2
phy,2
breaking,2
flight,2
thenewmrdave,2
fairness,2
bidding,2
*,2
stayed,2
fc,2
mikel,2
atleast,2
kick,2
touring,2
continent,2
eddie,2
travelling,2
europe,2
mh,2
grandparents,2
army,2
rights,2
permenant,2
recuperate,2
ferry,2
electives,2
hospitals,2
students,2
regions,2
wages,2
safety,2
unrealistic,2
committing,2
covered,2
attack,2
kms,2
shark,2
measures,2
nah,2
arent,2
animals,2
fisherman,2
predator,2
sea,2
consideration,2
seemingly,2
africa,2
australia,2
waters,2
gw,2
coast,2
ranging,2
regulars,2
threat,2
tracked,2
destoryed,2
ws,2
whales,2
dramatically,2
extent,2
chain,2
rid,2
eco,2
yep,2
introduce,2
license,2
punters,2
fee,2
prices,2
revenue,2
opportunity,2
rooney,2
possess,2
james,2
challenge,2
coaching,2
employ,2
television,2
spain,2
brazil,2
happening,2
mentality,2
playstation,2
respond,2
nev,2
concentrating,2
judging,2
slating,2
latest,2
sheets,2
alan,2
calculated,2
author,2
'one,2
forty,2
mouse,2
miles,2
scene,2
west,2
brom,2
possession,2
gut,2
sale,2
brendan,2
humbly,2
remaining,2
thirty,2
nine,2
lurking,2
'when,2
alone',2
playing',2
havent,2
talks,2
kuyt,2
maxi,2
borini,2
comfortable,2
carroll,2
andy,2
reasoned,2
laudrup,2
architect,2
wherever,2
gonna,2
inexperienced,2
lads,2
h&g,2
youth,2
anfield,2
fought,2
inside,2
shankly,2
rogers,2
hung,2
ayres,2
supports,2
rebuilding,2
pragmatic,2
gaal,2
chimps,2
beachball,2
nutter,2
ceremonies,2
cards,2
backing,2
blame,2
voting,2
paper,2
sack,2
foul,2
barcelona,2
firstly,2
sentimental,2
optimistic,2
votes,2
clarke,2
organised,2
ffp,2
balls,2
barca,2
sales,2
premiership,2
injury,2
allen,2
inherited,2
cole,2
created,2
hockey,2
misses,2
throwing,2
degree,2
teaching,2
employer,2
pounds,2
nannies,2
annual,2
earning,2
gross,2
calculator,2
tax,2
affected,2
afternoon,2
employment,2
screams,2
stays,2
irritable,2
mattress,2
kiss,2
kicks,2
babies,2
till,2
settle,2
daycare,2
til,2
bf,2
gf,2
favor,2
church,2
brothers,2
addition,2
interact,2
meeting,2
modernized,2
insulting,2
sins,2
mirror,2
bout,2
story's,2
pork,2
drink,2
texted,2
ahmad,2
sometime,2
badly,2
joan,2
~,2
personally,2
swt,2
intention,2
classes,2
excuse,2
held,2
priority,2
babys,2
washed,2
infection,2
groove,2
ears,2
dribbles,2
mumsnet,2
qualifications,2
specifically,2
description,2
badger,2
receptionists,2
calling,2
applied,2
descriptions,2
appropriate,2
friendlies,2
berba,2
valecia,2
espicially,2
shitty,2
giggs,2
sub,2
gap,2
rated,2
bank,2
harsh,2
entitled,2
belt,2
century,2
recognized,2
cd's,2
separate,2
efficient,2
supported,2
iso,2
virtual,2
purpose,2
combination,2
disks,2
wma,2
prepended,2
decoding,2
joining,2
implementations,2
procedure,2
decode,2
silent,2
restore,2
plextor,2
lg,2
hl,2
ggw,2
offsets,2
detected,2
indexes,2
mp,2
editing,2
extensions,2
stored,2
tested,2
px,2
contain,2
normal,2
ripper,2
burrrn,2
advised,2
futball,2
language,2
moral,2
gaslight,2
chaplin,2
jacket,2
meringue,2
royalties,2
release,2
thieving,2
stole,2
volumes,2
byrds,2
willie,2
nelson,2
kennedy,2
folksinger,2
remembered,2
ronk's,2
references,2
fswb,2
rewrote,2
adapted,2
arvella,2
gray,2
chicago,2
duffey,2
baez,2
singers,2
congress,2
reaction,2
concept,2
contributed,2
evolved,2
julieann,2
albums,2
verse,2
narrator,2
quater,2
whup,2
j,2
texas,2
terrific,2
usa,2
anchors,2
espn,2
colors,2
ferguson,2
mexican,2
specially,2
forlan,2
uruguayan,2
mu,2
hypocrite,2
guatemalan,2
disappointed,2
messi,2
joke,2
btw,2
enthusiasm,2
vista,2
objects,2
hibernation,2
powercfg,2
firewall,2
communal,2
dish,2
switched,2
jingle,2
trail,2
interview,2
scott,2
explains,2
overslept,2
celebration,2
'simulcast',2
joins,2
damon,2
albarn,2
thing',2
industry,2
employees,2
'lack,2
communication',2
she'll,2
anniversary,2
declined,2
letter,2
sofa,2
fingertips,2
tricky,2
bb's,2
fuller,2
benefited,2
'huff',2
participated,2
avoided,2
shout,2
ruin,2
plod,2
harry,2
aftermath,2
guarantee,2
regret,2
misunderstood,2
freezer,2
teachers,2
nerves,2
gameplayers,2
insincere,2
winners,2
quiet,2
dowling,2
enamoured,2
offend,2
^^^,2
inflated,2
rings,2
aarons,2
apparent,2
liar,2
saint,2
genius,2
nope,2
steering,2
anemic,2
deciding,2
filter,2
remove,2
timing,2
honda,2
toyota,2
dealer,2
oil,2
interior,2
paint,2
mod,2
scratch,2
mainly,2
luckily,2
os,2
strikes,2
energy,2
'programming,2
colin,2
arduino,2
techie,2
processor,2
design,2
micro,2
dedicated,2
interactive,2
grannies,2
plants,2
stimulant,2
juice,2
thctalk,2
heat,2
coffee,2
blob,2
reheat,2
soups,2
stews,2
defrost,2
warming,2
leftovers,2
melting,2
defrosting,2
compiled,2
microsoft's,2
specs,2
displays,2
storage,2
alternative,2
competing,2
hunkered,2
basement,2
yelling,2
meanwhile,2
solving,2
vx,2
alarm,2
pumped,2
consignment,2
advertise,2
written,2
owned,2
thrift,2
revised,2
edition,2
diagnostic,2
statistical,2
dsm,2
tr,2
scizophrenia,2
consisting,2
participating,2
commentary,2
patient's,2
conversing,2
symptom,2
psychiatrists,2
likelihood,2
outright,2
victims,2
overwhelmingly,2
professor,2
appleby,2
director,2
confidential,2
inquiry,2
suicide,2
university,2
alcohol,2
risks,2
scarcely,2
struck,2
lightning,2
consciousness,2
accidents,2
vastly,2
improved,2
therapy,2
devised,2
schizophrenic,2
satisfying,2
patients',2
histories,2
suggests,2
recover,2
strangers,2
'a,2
widespread,2
problem',2
followed,2
conspiracy,2
astonished,2
suspicion,2
freeman,2
delusional,2
behavior,2
rare;,2
worldwide,2
approximate,2
sclerosis,2
insulin,2
diabetes,2
interfered,2
exams,2
emotive,2
disturbing,2
die,2
harmed,2
obey,2
believes,2
handed,2
abnormality,2
curse,2
gift,2
cure,2
guardian,2
diagnoses,2
prevalence,2
onset,2
severity,2
ongoing,2
'according,2
psychiatrists',2
nazis,2
hears,2
cease,2
******,2
hurts,2
heals,2
falsehood,2
comforts,2
percent,2
clinically,2
depressed,2
dangerousness,2
antipsychotics,2
caution,2
poison,2
isp,1
towers,1
primarily,1
furthermore,1
finishes,1
jv,1
shuts,1
compatible,1
$$$,1
pending,1
cc,1
sollution,1
tpg,1
dude®,1
changeover,1
`roaming,1
flaky,1
fail,1
_never_,1
_supposed_,1
acer,1
liquid,1
metal,1
frunction,1
reinserted,1
smi,1
voila,1
repeating,1
frequencies,1
ascertain,1
quad,1
sims,1
*lol*,1
logic,1
misinterpreted,1
overrides,1
informs,1
offers,1
flow,1
planet,1
culpable,1
ignorant,1
liable,1
incurred,1
manufacturer,1
programmers,1
mischievous,1
foolish,1
dice,1
_if_,1
listed,1
sfoa,1
vary,1
signup,1
t&c's,1
infront,1
hutchison,1
vha,1
wholesale,1
commented,1
david,1
appeared,1
_not_,1
expectation,1
`conditions,1
contract',1
misunderstanding,1
disallows,1
excess,1
whirlpool,1
networks,1
connecting,1
unpleasant,1
addressed,1
instrument,1
contradicting,1
statements,1
staffs,1
«,1
roams,1
renamed,1
initated,1
combining,1
extensive,1
underlying,1
leah,1
protect,1
pedestal,1
oft,1
resented,1
victim,1
gained,1
cruel,1
'housekeeping',1
emphasis,1
smoothly,1
wwii,1
'men's,1
work',1
spoken,1
rational,1
standards,1
educated,1
influenced,1
aspects,1
suited,1
trousers,1
miner's,1
roof,1
coal,1
mining,1
spider,1
yorkshire,1
miners,1
beer,1
baccy,1
lumbering,1
bulging,1
muscles,1
witted,1
quo,1
miners',1
secrecy,1
witholding,1
rewarding,1
teachings,1
tzu,1
niccoli,1
machiavelli,1
chris,1
sensible,1
temperamentally,1
unsuitable,1
likened,1
civilised,1
shouting,1
tantrums,1
allows,1
assumes,1
impose,1
affirmation,1
dominance,1
demands,1
flaming,1
negotiator,1
additional,1
frustration,1
caused,1
imho,1
dating,1
nuts;,1
downside,1
apartments,1
hobbies,1
disaster,1
realize,1
incredibly,1
freaked,1
admittedly,1
overwhelmed,1
grass,1
fence,1
entertained,1
sunglasses,1
eerily,1
mccain's,1
crashers,1
leads,1
abide,1
dialed,1
rongny,1
advantage,1
un,1
handicapping,1
respects,1
limitations,1
covering,1
presidency,1
lincoln,1
rejoinder,1
alternated,1
incumbent,1
contains,1
gauge,1
reassess,1
react,1
accommodate,1
administration,1
deference,1
msnbc,1
checkers,1
obama's,1
disappointing,1
romney's,1
doesn't',1
saddleworld,1
acknowledgement,1
elect,1
assit,1
bronze,1
voluteer,1
alternate,1
year's,1
nominate,1
sizes,1
packs,1
queries,1
volunteer,1
outsourced,1
organising,1
pissed,1
thejoth,1
inner,1
workings,1
horse,1
incentive,1
individuals,1
precedent,1
attracting,1
importantly,1
competitors,1
slippery,1
enter,1
elitist,1
participation,1
worryingly,1
sponsorship,1
clients,1
sponsor,1
attract,1
sponsorships,1
adding,1
luxury,1
cannibalisation,1
honesty,1
costing,1
bums,1
givem,1
quote=thejoth;,1
bare,1
grief,1
precisely,1
decency,1
catering,1
delicious,1
baked,1
spuds,1
'thank,1
irrespective,1
expense,1
accounting,1
contributes,1
gs,1
happily,1
plans,1
dutiful,1
gig,1
sorted,1
hrs,1
prodded,1
adamant,1
yikes,1
diapers,1
gambling,1
girlie,1
mountains,1
ibooks,1
sluiced,1
searches,1
at&t,1
polling,1
racking,1
lame,1
crazed,1
hacking,1
refunded,1
bumped,1
macyell,1
cheers,1
notifications,1
mail,1
autocheck,1
someone's,1
mobileme,1
excessive,1
metering,1
carriers,1
bizarre,1
holidays,1
progressively,1
'open',1
'updating',1
sucking,1
mbs,1
mob,1
fetch,1
interestingly,1
unable,1
bigpond,1
airplane,1
cents,1
returned,1
processes,1
voip,1
finishing,1
application,1
rapid,1
launch,1
hoped,1
handsets,1
unlocked,1
desk,1
sydney,1
bills,1
horribly,1
au,1
recorder,1
owed,1
itunes,1
stone,1
proves,1
nicest,1
shire,1
bored,1
spends,1
min,1
perks,1
=\,1
somtimes,1
bearie,1
climb,1
climbing,1
unhappy,1
reflection,1
beardies,1
dinner,1
ate,1
male,1
balancing,1
marksmates,1
gum,1
leaf,1
branch,1
ocupied,1
occupied,1
curiousity,1
genuinly,1
placid,1
hissed,1
ur,1
belong,1
contos,1
dragons,1
enclosures,1
skinks,1
heaps,1
jewfish,1
indoor,1
slack,1
hounding,1
dosent,1
hatchling,1
mo,1
anytime,1
appgenix,1
skins,1
ooooh,1
mayan,1
agency,1
neighbours,1
entrance,1
repairing,1
malicious,1
spite,1
external,1
property,1
acted,1
negligently,1
doubtful,1
interpretations,1
suitably,1
gathering,1
fixed,1
asap,1
neigbour,1
blindly,1
uniform,1
authority,1
suspects,1
occasion,1
arrival,1
blocked,1
chimney,1
understanding,1
householder,1
attended,1
fires,1
attempting,1
explination,1
ttc,1
dh's,1
identify,1
strongly,1
shud,1
dnt,1
stares,1
tuts,1
playground,1
nooooo,1
youve,1
elses,1
greek,1
race',1
'thing',1
weve,1
'ok,1
darling,1
black',1
lightest,1
golden,1
curls,1
justin,1
timberlake,1
alittle,1
darkest,1
music,1
artists,1
reggae,1
bashment,1
dumpling,1
stew,1
spices,1
positives,1
deny,1
'are,1
bi,1
prescriptive,1
generations,1
attitudes,1
consensus,1
joint,1
dyed,1
'but,1
mammy',1
recognises,1
differences,1
colours,1
embracing,1
clumsy,1
misslala,1
'my,1
two',1
blonde,1
annabels,1
celebrate,1
aww,1
yea,1
'silver,1
shoes',1
ol'childrens,1
enfacice,1
theyll,1
'hmm,1
me',1
amazon,1
'haters',1
bullied,1
unsure,1
unconfident,1
encountered,1
worlds,1
cultures,1
cuisine,1
exotic,1
adaptable,1
barrack,1
signify,1
butterybiscuitbase,1
rasicst,1
jade,1
godding,1
mny,1
evade,1
mistake,1
americas,1
dose,1
summoned,1
pappers,1
beause,1
lockitt,1
mr,1
reminded,1
rasict,1
jobangles,1
physically,1
sandy,1
post;,1
shocks,1
describe,1
'asian',1
'white',1
husbands,1
resemblence,1
unconditionally,1
labour,1
doubting,1
cultural,1
creole,1
dispelling,1
assumptions,1
evident,1
katymac,1
nutshell,1
appearances,1
belie,1
constant,1
misperceptions,1
savoycabbage,1
disapointment,1
opined,1
friend's,1
precious,1
buttery,1
profess,1
blacks,1
photo,1
frenchcreoles,1
erm,1
hopefully,1
multicultural,1
colleagues,1
languages,1
hire,1
brightest,1
esteem,1
grew,1
estate,1
circles,1
belief,1
viewpoint,1
define,1
liitle,1
tensions,1
esp,1
says;,1
foundations,1
aged,1
'mine',1
racists,1
shocked,1
dismayed,1
encounters,1
grapple,1
combinations,1
racist,1
peas,1
grandparent,1
pasta,1
pizza,1
gelato,1
cbeebies,1
bless,1
wobbly,1
adopting,1
wobble,1
drowned,1
busy,1
discovering,1
loving,1
not;,1
thick,1
slag,1
alters,1
communicating,1
fascinating,1
shares,1
reminds,1
personality,1
imply,1
closeness;,1
unite,1
physiological,1
similarity,1
adopt,1
spit,1
dm,1
maintains,1
immigration,1
eurotunnel,1
questioning,1
surnames,1
conversations,1
considers,1
shrimponastick,1
son's,1
ladylazarus,1
'uniform',1
insofar,1
educating,1
latino,1
stunningly,1
belongs,1
nigerian,1
irish,1
bag,1
'mix',1
childhood,1
focusing,1
glasses,1
breasts,1
accent,1
shoes,1
cheapandchic,1
sentence,1
beauty,1
belonging,1
wrapped,1
hilarious,1
meaningless,1
disrespectful,1
tears,1
lined,1
equality,1
wonky,1
programmes,1
targets,1
illusion,1
disrespecting,1
intent,1
judges,1
expresses,1
ignorance,1
counterproductive,1
sexism,1
thriving,1
horrid,1
miscarriage,1
today's,1
fertility,1
tip,1
accupuncture,1
wrap,1
womb,1
coldness,1
associated,1
infertlity,1
medicine,1
pricey,1
aœ,1
explanation,1
v,1
cosy,1
bean,1
emma,1
canon's,1
bible,1
accupunturist,1
'warm,1
womb',1
hips,1
bum,1
kidney,1
layer,1
wrapping,1
scarf,1
tshirt,1
mines,1
japan,1
japanese,1
explored,1
tab,1
smoldering,1
debris,1
tornado,1
bulldozer,1
insulation,1
wiring,1
nails,1
everthing,1
ab,1
detector,1
pipes,1
wires,1
manicured,1
productive,1
dug,1
steady,1
unmistakable,1
puzzled,1
morgan,1
peeking,1
null,1
confuse,1
plastic,1
pouch,1
beaming,1
pulling,1
unearth,1
radius,1
exstatic,1
plucking,1
wheats,1
probe,1
pinpointer,1
wrapper,1
speechless,1
occasional,1
searched,1
frenzy,1
dozens,1
tokens,1
trashy,1
departed,1
dads,1
inspiration,1
exciting,1
ony,1
yard,1
congrats,1
niiiiiiice,1
situ,1
halves,1
scattered,1
junkyard,1
jelly,1
cache,1
deeper,1
dumpsite,1
waste,1
wasted,1
soul,1
'by,1
'they,1
shoulder,1
progress,1
pushes,1
regain,1
bull's,1
dominant,1
sebastian,1
broadcaster,1
rtl,1
tunnel,1
circuits,1
bull,1
el,1
pais,1
newspaper,1
india,1
aspire,1
fastest,1
useless,1
tuesdays,1
wednesdays,1
thursdays,1
fridays,1
weekend's,1
italy's,1
autosprint,1
oh's,1
evening,1
gamer,1
'oh,1
him',1
refuses,1
'riggles,1
much',1
nappy,1
poorly,1
baba,1
snappy,1
caring,1
undermining,1
criticise,1
winding,1
arrives,1
anda,1
eh,1
busya,1
familya,1
supportive,1
prioraties,1
pressured,1
occasiona,1
screaming,1
aj,1
weight,1
cot,1
cuddle,1
soaked,1
agoraphobia,1
walks,1
mmmmm,1
tact,1
xxa,1
waited,1
bathed,1
settled,1
'well,1
shattered',1
'he'll,1
fine',1
convincing,1
compuer,1
'i'm,1
yur,1
interfer,1
computera,1
hunni,1
irrisponsible,1
blaze,1
waits,1
sly,1
cable,1
she'd,1
reluctant,1
auditions,1
wednesday,1
sunday,1
rehearsal,1
performances,1
rd,1
february,1
synopsis,1
mia,1
eleven,1
step,1
angel,1
gabriel,1
oliver,1
lansley's,1
spiral,1
farcical,1
fewer,1
fathers,1
nerdish,1
contemporary,1
stallion,1
satan,1
euchre,1
tournament,1
runescape,1
empires,1
dabble,1
anyhow,1
magepierre,1
flamed,1
piggies,1
fireball,1
frost,1
bolt,1
geared,1
appreciative,1
parting,1
college,1
osu,1
emergency,1
department,1
nursing,1
knit,1
redemption,1
alliance,1
enjoyable,1
static,1
todays,1
trolling,1
sonix,1
trizzle,1
realizing,1
skeptical,1
ruined,1
temple,1
onward,1
grinded,1
wtfresilence,1
arenas,1
wotlk,1
resilience,1
knight,1
wow's,1
hero,1
cataclysm,1
expansions,1
sided,1
toss,1
towel,1
wipe,1
whine,1
rough,1
azeroth,1
memories,1
soooo,1
awe,1
timbermaw,1
gaining,1
slowly,1
hydraxian,1
waterlords,1
aq,1
soooooo,1
farm,1
tyr's,1
honor,1
grinding,1
caps,1
rl,1
dagger,1
lucifron,1
mage,1
mf'er,1
=,1
wore,1
gimping,1
arcanite,1
reaper,1
warrior,1
weapon,1
twisting,1
wrist,1
priest,1
grind,1
shadow,1
bosses,1
progression,1
shiny,1
shinies,1
purples,1
reps,1
guessed,1
crops,1
outta,1
archeology,1
slowing,1
dabbled,1
scenarios,1
overlooked,1
rp,1
lfg,1
doable,1
heroics,1
reach,1
slew,1
complaint,1
charms,1
simplest,1
unexpected,1
bribed,1
ml'er,1
item,1
rolled,1
ml,1
bribe,1
tldr,1
flying,1
crafting,1
spirit,1
harmony,1
flavor,1
apologize,1
arcane,1
screenshot,1
test,1
teleported,1
nearest,1
quest,1
hub,1
z,1
nab,1
promising,1
agreee,1
wholeheartedly,1
entirety,1
rasta,1
nowadays,1
tina,1
furniture,1
squeed,1
joy,1
dk's,1
xanadunl,1
mmo,1
champion,1
atm,1
millionaire,1
ditched,1
druid,1
hardly,1
gem,1
hubs,1
recovered,1
abortion,1
disney,1
purchases,1
lucasfilm,1
vii,1
narratives,1
flick,1
fischer,1
rockflagandeagle,1
cared,1
entirely,1
samuel,1
everlong,1
requests,1
cop,1
riggs,1
wan's,1
murtagh,1
nix,1
prequel,1
pair,1
kicking,1
sabres,1
motivation,1
get's,1
climax,1
han,1
alien,1
planets,1
legit,1
lightsabrest,1
political,1
reign,1
yoda's,1
aid,1
rescues,1
pictures,1
occurred,1
card,1
laminating,1
ink,1
donate,1
paypal,1
jr,1
scruples,1
rescue's,1
charity,1
method,1
enquiry,1
picks,1
klowe,1
replacing,1
hoisting,1
nhler's,1
twilights,1
sincerely,1
barker's,1
payouts,1
tambi,1
hemksy,1
upgrade,1
demanding,1
oiler,1
*may*,1
ring,1
premium,1
estabished,1
duplicate,1
oiler's,1
dynasty,1
yakapov,1
flexibility,1
yak's,1
shifted,1
alternatives,1
distinct,1
possibilty,1
khl,1
cba,1
one;not,1
assumption,1
improving,1
rookie,1
creamed,1
trades,1
shines,1
cracks,1
landscape,1
tap,1
stagger,1
_____________,1
saves,1
letang,1
fluery,1
ranks,1
spreading,1
vancouver,1
elite,1
bucks,1
joomla,1
plugin,1
inbox,1
configured,1
imap,1
iconv,1
criteria,1
unzip,1
upload,1
account's,1
uploaded,1
domain,1
checkcompat,1
alternatively,1
updating,1
rising,1
natioanl,1
ons,1
reached,1
groups,1
marks,1
occupational,1
erosion,1
employers,1
reduce,1
schemes,1
inflation,1
tended,1
rise,1
economic,1
stagnate,1
recessions,1
risen,1
slower,1
pensioners',1
inequality,1
pronounced,1
narrowed,1
gradually,1
thereafter,1
modest,1
received,1
private,1
unbiased,1
renowned,1
journalists,1
solve,1
consumers,1
intended,1
endorse,1
adviser,1
product,1
submitted,1
linked,1
suitability,1
que,1
tills,1
nightmare,1
spotted,1
checkout,1
rush,1
hell,1
council,1
giro,1
jokingly,1
desperate,1
served,1
joked,1
snooze,1
responded,1
witty,1
mumbled,1
spins,1
neanderthal,1
grabbed,1
trolley,1
smashed,1
surrounded,1
workers,1
prick,1
comedian,1
banned,1
deserves,1
landry,1
numbered,1
rot,1
proving,1
destined,1
euro,1
frontcourt,1
athletic,1
backcourt,1
guessing,1
kleize,1
opponent,1
russell,1
chucking,1
offense,1
excelling,1
opposing,1
toronto,1
shooting,1
duds,1
performer,1
plays,1
ross,1
matchups,1
nets,1
demar,1
wing,1
defined,1
falters,1
knocking,1
tres,1
terence,1
waive,1
playe,1
dumbass,1
cooler,1
inactive,1
lk,1
amnesty,1
fuckups,1
cutting,1
defending,1
losses,1
starters,1
canvass,1
civil,1
report,1
mnhq,1
dss,1
creative,1
creativity',1
encourages,1
relaxation,1
depend,1
prevents,1
reasonably,1
peaceful,1
dog,1
freak,1
insist,1
cluttered,1
tidiness,1
thankfully,1
ordered,1
frequency,1
bedclothes,1
stops,1
provisos,1
responsibilities,1
attached,1
carpet,1
vacuum,1
sized,1
defence,1
nickel,1
ocd,1
bitch,1
purposely,1
minging,1
shudder,1
bother,1
beds,1
hazard,1
exit,1
realising,1
pe,1
kits,1
clearing,1
basket,1
friday,1
upstairs,1
preservation,1
world's,1
messiest,1
tidier,1
guidance,1
toyboxes,1
playmats,1
translate,1
teenagers,1
yo's,1
&lt;polishes,1
halo&gt;,1
practise,1
tasteful,1
templates,1
google;,1
coders,1
lay,1
theyve,1
farthom,1
planned,1
marrying,1
diplomatic,1
photos,1
infact,1
decor,1
supplying,1
cloths,1
napkins,1
folded,1
knives,1
forks,1
wine,1
supply,1
printed,1
menu,1
covers,1
dried,1
petals,1
favours,1
visited,1
favourite,1
sweets,1
themselfs,1
print,1
menus,1
tie,1
ribbon,1
barn,1
pine,1
cone,1
conckers,1
tealights,1
garden,1
go's,1
fancy,1
frame,1
decorations,1
guests,1
fete,1
reminding,1
checklists,1
fred,1
parking,1
nation,1
bellicheat,1
avg,1
borderlined,1
sighing,1
relieve,1
lt,1
michael,1
turner,1
explosive,1
fullback,1
cjs,1
rock,1
observer,1
sideline,1
attempted,1
appointments,1
scheduled,1
facial,1
coloured,1
interfere,1
completing,1
tricks,1
beleive,1
electrolyis,1
hrt,1
elctro,1
goof,1
dramatic,1
stubble,1
tg,1
freinds,1
addiction,1
relax,1
sunscreen,1
moisturizer,1
lasted,1
recomend,1
hint,1
tylenol,1
regular,1
advil,1
reflexes,1
mellow,1
flinch,1
relaxed,1
fallen,1
smooth,1
fist,1
zap,1
memory,1
rushing,1
spiritgirl,1
diaries,1
grand,1
clinician's,1
blocks,1
uva,1
rays,1
failed,1
crisco,1
blends,1
cleared,1
electrologist,1
surprising,1
tattoos,1
tattoo,1
technician,1
trans,1
headache,1
logical,1
keeper,1
hungry,1
hahaha,1
max,1
upper,1
bitchin,1
tougher,1
halfway,1
bullet,1
biting;,1
whiskey,1
drinking;,1
cowgirl,1
grinin',1
bearin,1
dots,1
soprano,1
opera,1
ga,1
shots,1
stk,1
commands,1
shot's,1
lefty,1
uh,1
shooter,1
fumbles,1
opens,1
lc,1
hybrid,1
triangle,1
hitting,1
reverse,1
weak,1
cpu,1
taps,1
incorrect,1
autosave,1
whiny,1
prepubescent,1
hugging,1
controls,1
battling,1
sneaking,1
allowing,1
lag,1
glitch,1
squared,1
movements,1
rap,1
ea,1
proficient,1
shutout,1
tweak,1
parity,1
circle,1
rebound,1
replay,1
fia,1
jun,1
formule,1
joined,1
fri,1
oct,1
seater,1
wide,1
prejudice,1
seaters,1
surprise,1
suarez',1
linchpin,1
pushing,1
continental,1
trip,1
french,1
aires,1
stellaplatz,1
cycling,1
hymer,1
motorhoming,1
caravans,1
thanked,1
fulltimeing,1
salvation,1
hide,1
natal,1
sought,1
nevertheless,1
solice,1
officer,1
destination,1
graves,1
contemplated,1
desolation,1
camps,1
dioscover,1
poverty,1
cathederals,1
buildings,1
wonders,1
alpine,1
villages,1
hustle,1
bustle,1
plight,1
outcome,1
distress,1
visiting,1
grandchild,1
grandson,1
fulltiming,1
exacerbated,1
quote=wildman;,1
weare,1
tuche,1
smnet,1
midwives,1
applying,1
participate,1
havnt,1
placements,1
experiance,1
undertaking,1
presence,1
drain,1
hosts,1
flung,1
essential,1
wealthy,1
livelihoods,1
bottled,1
airport,1
ups,1
outwith,1
worthwhile,1
negates,1
priceless,1
grants,1
tanzania,1
funded,1
trips,1
fab,1
qualifying,1
vso,1
msf,1
accomodation,1
recommed,1
fundraising,1
permits,1
safer,1
carting,1
amounts,1
scotto,1
reaches,1
breeding,1
pups,1
litter,1
sightings,1
ol,1
whitey,1
carnt,1
trymyluck,1
kangaroos,1
whites,1
schooling,1
whalers,1
deem,1
culling,1
buz,1
localised,1
apex,1
fatalities,1
factors,1
waterbased,1
ranges,1
travel,1
pacific,1
cruised,1
'locals',1
depleted,1
abundant,1
locally,1
beachs,1
iminent,1
forteited,1
uncuttriggerinwa,1
listened,1
norman,1
moore,1
clue,1
surveylance,1
elusive,1
formula,1
immediate,1
migrating,1
cruising,1
cull,1
kem,1
know's,1
collapses,1
barrow,1
island,1
induction,1
eye,1
opener,1
meglodon,1
indos,1
whale,1
gws,1
breath,1
assesment,1
enviroment,1
dangers,1
cjsurf,1
gotta,1
proximity,1
shoreline,1
destroy,1
trophy,1
jaws,1
elephants,1
wanna,1
greenies,1
topics,1
hve,1
sh*t,1
the_wanderer,1
rasing,1
exubrent,1
earned,1
tourist,1
progressed,1
toughest,1
skill,1
fitness,1
steven,1
wayne,1
greatest,1
qualities,1
hart,1
joleon,1
lescott,1
milner,1
gareth,1
barry,1
pedigree,1
successfully,1
euros,1
structure,1
italy,1
germany,1
holland,1
employing,1
manager's,1
foreign,1
stake,1
foreigner,1
fabio,1
franco,1
baldini,1
jokes,1
cups,1
lucrative,1
loyalty,1
fa,1
beyond,1
coaches,1
cent,1
conflict,1
liason,1
shoulders,1
respected,1
approachable,1
crater,1
invest,1
fulltime,1
backed,1
severely,1
underachieved,1
decides,1
partake,1
collect,1
medal,1
rating,1
mates,1
clouded,1
craigr,1
exel,1
corrected,1
*am,1
&lt;mat,1
@discussions,1
com&gt;,1
openit,1
datanumen,1
aer,1
salvaging,1
steve,1
disappear,1
columns,1
longish,1
formulas,1
forty',1
spring,1
rawkites,1
hostages,1
fortune,1
messiah,1
persuaded,1
comparative,1
ing‚nue,1
conference,1
drew,1
believers,1
intoxicated,1
composure,1
delivery,1
witnessed,1
doubters,1
nevers,1
maybes,1
convince,1
roughly,1
hewn,1
milestone,1
souness,1
openly,1
criticising,1
knot,1
excitement,1
stomach,1
endured,1
stoke,1
carrow,1
stats,1
versus,1
penetration,1
supporters,1
dial,1
qvc,1
northern,1
clearance,1
kingmakers,1
mans,1
horizion,1
lark,1
inescaplle,1
heading,1
medicrity,1
tlak,1
sadi,1
worng,1
sucess,1
sucessful,1
fucking,1
shotdown,1
hatred,1
methods,1
moreso,1
pragmatism,1
stead,1
bellamy,1
sterling,1
suso,1
midfield,1
struggle,1
lumped,1
swarming,1
scraps,1
outstanding,1
journeyman,1
veterans,1
transfers,1
abominable,1
thrive,1
rat's,1
arse,1
perception,1
credible,1
sid,1
lowe,1
juanma,1
lillo,1
garnish,1
eaten,1
steak,1
bolix,1
conduct,1
rightly,1
commended,1
thin,1
dip,1
reserve,1
gems,1
chopping,1
stain,1
domino,1
gladly,1
legacy,1
revamping,1
fruits,1
rome,1
®,1
timmyonions,1
¯,1
resist,1
ian,1
ayre,1
quartered,1
publically,1
window,1
fiasco,1
removing,1
hindsight,1
broad,1
astonishing,1
expectations,1
beat,1
kicked,1
pining,1
kennys,1
purslow,1
comolli,1
combined,1
damage,1
progess,1
glimpses,1
membership,1
kop,1
whispering,1
salute,1
scots,1
redman,1
resources,1
shite,1
signalled,1
penalty,1
goalkeeper,1
patr,1
cheh,1
beeped,1
ibrox,1
trafford,1
arsenal,1
atmosphere,1
strachan,1
doomed,1
failure,1
lucas,1
returns,1
lacks,1
rawkite,1
campaigning,1
leader,1
election,1
punt,1
limiting,1
limits,1
usefulness,1
cautious,1
'wait,1
see',1
temptation,1
dissapointed,1
klopp,1
guardiola,1
racked,1
shortlist,1
circus,1
contribute,1
announced,1
'campaigning',1
tremendous,1
deserved,1
dof,1
cancers,1
unfinished,1
martinez,1
admire,1
arsenals,1
abit,1
uefa,1
implement,1
debt,1
loop,1
regulations,1
ala,1
naming,1
stadium,1
generates,1
pegs,1
mashed,1
mancs,1
resulted,1
losing,1
chunk,1
insistance,1
sahin,1
shelvey,1
henderson,1
brs,1
formations,1
disgracefully,1
loan,1
uncertain,1
rotation,1
whisky,1
houllier,1
emperor,1
specsavers,1
kenny's,1
tweaks,1
overhaul,1
women's,1
carrying,1
championships,1
kidding,1
wc,1
pr,1
swamp,1
wc's,1
super,1
nanny,1
bachelor's,1
preschool,1
expenses,1
aproximately,1
arrive,1
paye,1
financially,1
viable,1
earn,1
thanx,1
entittled,1
insisting,1
hmrc,1
threatened,1
dummy,1
suggestions,1
mths,1
'save,1
sleep',1
techniques,1
tot,1
intentions,1
ease,1
improvements,1
handy,1
doorway,1
emotionally,1
physiclly,1
exhausting,1
reinforcing,1
fell,1
gp,1
phsical,1
troubling,1
othe,1
strugglig,1
heres,1
tucked,1
awhile,1
tuck,1
goodluck,1
persistant,1
spoiled,1
terribly,1
breastfed,1
unexpectedly,1
expecting,1
twins,1
yrs,1
separating,1
belly,1
practicality,1
dependant,1
toddler,1
chore,1
pat,1
abandon,1
yr,1
quietly,1
bedtime,1
fingers,1
crossed,1
bve,1
nealry,1
ahs,1
ehr,1
mon,1
tues,1
ehrself,1
dramas,1
fights,1
ahve,1
triend,1
atleats,1
tiil,1
sumtimes,1
everymorn,1
onwards,1
deprived,1
majorly,1
midnightish,1
stirs,1
cna,1
demotion,1
europa,1
sundays,1
mondays,1
phew,1
saturdays,1
duties,1
midweek,1
gaffer,1
ruthless,1
dropping,1
nani,1
complacency,1
clev,1
ando,1
lifestyle,1
girls',1
reject,1
commendable,1
fold,1
choosing,1
decition,1
lighty,1
searching,1
principles,1
accounts,1
converted,1
friendly,1
oy,1
uboth,1
persition,1
finds,1
offensive,1
strictly,1
conservative,1
interpreted,1
flaws,1
flawless,1
christianity,1
flawed,1
practiced,1
prohibited,1
messengers,1
mohammad,1
jesus,1
heere,1
declaration,1
studying,1
visits,1
firdtly,1
oneness,1
tawheed,1
eyed,1
stoned,1
vinge,1
deen,1
forgiveness,1
provision,1
qur'an,1
'in,1
love',1
childish,1
crush,1
strengthen,1
imaan,1
praying,1
pray,1
reverts,1
imam,1
brother's,1
showered,1
ritual,1
ablutions,1
circumstance,1
wondrous,1
salaams,1
practicing,1
intermingling,1
socialising,1
permissible,1
finito,1
youre,1
deed,1
accountable,1
approve,1
musjids,1
uncle,1
finnish,1
smells,1
cuddling,1
smelled,1
smeel,1
bath,1
emmit,1
tug,1
fever,1
squashed,1
eoin,1
dribble,1
mouth,1
cheek,1
gather,1
fooxoo,1
damp,1
cotten,1
bud,1
gently,1
'wash,1
ears',1
sicked,1
collects,1
union,1
citizen's,1
bureau,1
solicitor,1
interns,1
addresses,1
unwilling,1
callers,1
ethical,1
hassle,1
humiliating,1
repeatedly,1
irritated,1
analyst,1
defended,1
'market,1
research',1
tactics,1
disciplinary,1
theoretical,1
suspecting,1
exhaustive,1
phoned,1
policy,1
sections,1
section,1
grendel,1
politely,1
angry,1
nostalgia,1
cloud,1
prefered,1
fraiser,1
campbell,1
fewgoals,1
movement,1
bham,1
impress,1
dominates,1
teammates,1
havok,1
envy,1
finishers,1
crossers,1
providing,1
assists,1
shocker,1
ballon,1
d'or,1
surround,1
foremost,1
mufc,1
caliber,1
loserfools,1
proned,1
lovers,1
'commitment,1
chasing,1
ball',1
headless,1
prowess,1
ers,1
tube,1
divings,1
skywide,1
penality,1
carring,1
relegation,1
console,1
carr,1
practical,1
utd,1
loosing,1
filling,1
curtain,1
rival,1
stronger,1
glazer,1
debts,1
buisness,1
worm,1
passion,1
fifaking,1
bid,1
sold,1
purely,1
funds,1
impressions,1
disregardless,1
flops,1
trick,1
defender,1
lineker,1
ow,1
kinds,1
clip,1
hailing,1
saviour,1
malysia,1
tour,1
birmingham,1
fluff,1
tackling,1
tracking,1
owens,1
begging,1
carrager,1
fat,1
scouse,1
loveing,1
midget,1
scouseville,1
nnnaaaaa,1
saga,1
excuses,1
lied,1
idiots,1
boyfriend's,1
trials,1
tossing,1
reproduce,1
program,1
gracenote,1
amg,1
retrieve,1
rom,1
anomolies,1
spoon,1
implementation,1
efficiency,1
encode,1
sufficient,1
daemon,1
pregaps,1
appended,1
popping,1
*end*,1
whichever,1
ymmv,1
configure,1
broadly,1
wavs,1
anyway;,1
nero,1
compliant,1
cues,1
milliseconds,1
cloning,1
isrcs,1
auap,1
sjmac,1
testing,1
correctly,1
accuraterip,1
accurate,1
crc,1
offset=,1
prefers,1
usefull,1
normaly,1
freedb,1
perfectmeta,1
filenames,1
differ,1
monkeys,1
arquiving,1
playback,1
mediaportal,1
prefer,1
commercial,1
codes,1
bugsb,1
tools;,1
seperate,1
patchr,1
chart,1
dppoweramp,1
overwritten,1
meta,1
bug,1
beta,1
page_id=,1
writer's,1
detect,1
wite,1
betting,1
disattracting,1
studies,1
feldup,1
helpline,1
befriender,1
origins,1
disputed,1
discuss,1
emcee,1
commercially,1
sadiejane@folly,1
kindly,1
aug,1
passim,1
harvard,1
sweet,1
noel,1
stookey,1
peter,1
fame,1
performing,1
standup,1
et,1
al,1
imitations,1
flushing,1
microphone,1
imitation,1
hat,1
cane,1
routine,1
ambushed,1
lemon,1
pie,1
inclination,1
authorship,1
rum,1
democratic,1
pointless,1
esentially,1
shakespeare,1
believable,1
arranger's,1
wikipedia,1
laments,1
cat,1
mercury,1
rev,1
brokeback,1
mountain,1
credited,1
arranged,1
byrds',1
lamented,1
melody,1
songwriter's,1
established,1
perfomer,1
produced,1
starving,1
wannabes,1
songwriter,1
ordinary,1
folkie,1
renown,1
sweeping,1
demographic,1
intuit,1
semantics,1
dates,1
ya,1
paxton's,1
imagination,1
earliest,1
keywords,1
rambling,1
citations,1
silber,1
frndmine,1
cf,1
tribute,1
assassinated,1
pjs,1
lyrics,1
substantial,1
gentlemen,1
sounding,1
adcock,1
recalled,1
cussed,1
hated,1
inch,1
clowning,1
pretend,1
mocking,1
awful,1
characterized,1
favorites,1
waller,1
vague,1
citing,1
pd,1
rare,1
unreleased,1
bauldie,1
columbia,1
interviewed,1
southern,1
penitentiary,1
archive,1
remembers,1
sixties,1
biographer,1
anthony,1
scaduto,1
bob's,1
tht,1
expression,1
admitted,1
sleevenotes,1
freewheelin',1
'i,1
lightnin',1
hopkins,1
performed,1
york,1
composer,1
arranger,1
assorted,1
bric,1
brac,1
sleeve,1
attest,1
ham,1
adapting,1
scorsese,1
refer,1
confronted,1
borrowing,1
googled,1
verson;,1
'sits,1
well',1
meaning,1
'clash',1
describing,1
'folk,1
processing',1
spolestra,1
nancy,1
griffith,1
versionn,1
'definitive',1
ain't,1
roberta,1
river,1
conversation,1
johnny,1
jj,1
trenches,1
everybody,1
hollered,1
ditches,1
everybody's,1
hollering,1
with'em,1
hw,1
ohg,1
bosslook,1
colected,1
baker,1
ruby,1
smith,1
carson,1
clemens,1
bruce,1
stanzas,1
seattle,1
coffeehouse,1
sung,1
guitar,1
gillingham,1
boston,1
duet,1
rendition,1
rolf,1
cahn,1
mayor,1
macdougal,1
traced,1
industrial,1
revolution,1
manipulated,1
la_red,1
mls,1
pea,1
ole,1
gunnar,1
berbatov,1
kuzhzak,1
foster,1
gibson,1
flopping,1
spectacular,1
commentators,1
footballer,1
poacher,1
terds,1
haters,1
knowing,1
disgrace,1
ultimate,1
abundance,1
grabbing,1
looser,1
brain,1
lethal,1
solutions,1
isvs,1
technologists,1
businesses,1
specialise,1
intune,1
sbs,1
enabling,1
replies,1
followers,1
misclick,1
virus,1
downloaded,1
uis,1
gotten,1
cleanup,1
wizard,1
administrator,1
properties,1
startup,1
delayed,1
fuzzy,1
includes,1
documentary,1
discovery,1
thomson,1
presume,1
alignment,1
programme,1
taxi,1
driver,1
bell,1
janice's,1
woke,1
tweet,1
celebrating,1
oversleeping,1
liver,1
daughters,1
emailed,1
law's,1
opened,1
investigated,1
pestering,1
suffered,1
angina,1
undergo,1
manic,1
auction,1
concern,1
relatives,1
reluctance,1
likei,1
prostate,1
contacting,1
father's,1
messing,1
suffice,1
burst,1
peptic,1
ulcer,1
misdiagnosed,1
wither,1
patient,1
confidentiality,1
query,1
committee,1
howdy,1
lad,1
plonker,1
comedic,1
'viewer',1
viewer's,1
'huffy',1
ended,1
mick,1
towie,1
topping,1
riot,1
wimped,1
anton,1
gambled,1
tom's,1
wonkey,1
daft,1
niave,1
ban,1
butting,1
aired,1
clarify,1
touchy,1
fooled,1
feelings,1
sway,1
prom,1
dress,1
anger,1
punch,1
mood,1
discomfort,1
disputes,1
strop,1
gutted,1
prancing,1
bathroom,1
'most',1
brains,1
moleymo,1
lest,1
tactic,1
context,1
aaron's,1
strayed,1
halloween,1
pact,1
highlights,1
copping,1
bots,1
hls,1
sacrificing,1
saddens,1
watches,1
entered,1
finger,1
dislike,1
warped,1
rotors,1
carproof,1
newer,1
models,1
hatch,1
rustproofed,1
yearly,1
pita,1
pump,1
lock,1
mechanism,1
inspect,1
motor,1
mounts,1
leaking,1
struts,1
prematurely,1
imported,1
vehicles,1
locks,1
fuss,1
dash,1
windshield,1
fuel,1
consumption,1
opted,1
tiptronic,1
autotranny,1
slush,1
auto,1
spd,1
tranny,1
warranty,1
affordable,1
clips,1
screws,1
don',1
saving,1
failures,1
numerous,1
recalls,1
tsb,1
leaks,1
plastics,1
rattles,1
chipping,1
chips,1
proofing,1
transmission,1
sole,1
bmw,1
nicer,1
mazda's,1
ricer,1
stereotype,1
civics,1
yaris',1
strolling,1
markham,1
hearts,1
aside,1
bumper,1
careful,1
mileage,1
economy,1
sporty,1
engines,1
fenders,1
popularity,1
mods,1
stepped,1
rear,1
nissan's,1
honda's,1
cookie,1
login,1
brilliantly,1
erudite,1
knowledgable,1
types,1
explore,1
moot,1
opportuity,1
promoting,1
infrastructure,1
'clubby',1
envisage,1
programmer,1
keyboards,1
toleration,1
'dads,1
wierd,1
hobby',1
'hello,1
world',1
hd,1
multicoloured,1
bred,1
complex,1
'word,1
mouth',1
hacks,1
shortcuts,1
baffled,1
approaching,1
pi',1
clever,1
socially,1
target,1
'out,1
box',1
worthy,1
efforts,1
craze',1
viral,1
syntax,1
punctuation,1
abbreviated,1
txt,1
fluent,1
selecting,1
intrigued,1
physical,1
radar,1
instincts,1
pried,1
crowbar,1
mindset,1
object,1
verbalises,1
'self,1
selecting',1
excites,1
elsewhere,1
ben,1
longingly,1
commodore,1
internal,1
organ,1
hands,1
zx,1
amazed,1
*computer*,1
lit,1
spark,1
extinguished,1
myriad,1
technical,1
'stuff'',1
neices,1
nephews,1
computers,1
electronics,1
appeal,1
capture,1
'donate',1
ti,1
msp,1
indentally,1
ramble,1
inexpensive,1
ghz,1
selected,1
poorer,1
raspberry,1
periphery,1
wiling,1
'try,1
hooked,1
technologies,1
wearable,1
'internet,1
things',1
gathers,1
jigsaw,1
observation,1
overrun,1
degrees,1
courses,1
broader,1
ict,1
'using,1
engaged,1
lights,1
simon,1
electronic,1
delphi,1
pascal,1
balloon,1
python,1
rasberry,1
instructing,1
youngsters,1
parental,1
sum,1
sinclair,1
mk,1
sc,1
kit,1
cambridge,1
stretched,1
inventing,1
fashioned,1
kbd,1
don;t,1
dedication,1
cod,1
'box',1
fulfils,1
'maker',1
projects,1
bulletin,1
functionality,1
'granny',1
foolproof,1
connects,1
adsl,1
skype,1
webcam,1
browsing,1
swapping,1
hydroponics,1
ghe,1
flushed,1
dunno,1
gentle,1
probly,1
buds,1
pdf,1
schedule,1
nute,1
paste,1
possessing,1
historical,1
visitors,1
illegal,1
chocolate,1
occasionally,1
shelf,1
meringues,1
solid,1
fondant,1
icing,1
pillows,1
amazement,1
overs,1
roast,1
moist,1
veggies,1
baggies,1
melt,1
tea,1
fish,1
meats,1
keys,1
moon,1
stove,1
heating,1
casserole,1
jamie's,1
meals,1
roasted,1
cooked,1
popcorn,1
bags,1
emergencies,1
frequent,1
grilling,1
electric,1
grill,1
incorporated,1
unit,1
potato,1
prior,1
*not*,1
stores,1
install,1
google's,1
playstore,1
desktop,1
desktops,1
teamviewer,1
runing,1
linux;,1
firewalls,1
flop,1
asus,1
speeds,1
nvidia,1
chipsets,1
more;,1
succeeds,1
surge,1
diminish,1
rapidly,1
comparing,1
resolutions,1
price,1
success;,1
processors,1
catching,1
on;,1
marketplace,1
offerings,1
readings,1
baldur's,1
planescape,1
torment,1
advantages,1
offline,1
multiplayer,1
bg,1
balder's,1
preference,1
though;,1
novel,1
choices,1
inclusion,1
interactions,1
develops,1
readers,1
explicit,1
struggled,1
psp,1
minimal,1
suggesting,1
completely;,1
halo,1
visual,1
dexterity,1
teamwork,1
shooters,1
shady,1
handbrake,1
rover,1
brakes,1
fluid,1
imagined,1
tracy,1
owner,1
retail,1
kirk,1
budget,1
client,1
sending,1
dont',1
mailing,1
quickstarter,1
adverts,1
incidentally,1
submit,1
ads,1
seo,1
relevant,1
signature,1
links,1
grab,1
featured,1
anchor,1
rename,1
kathleen,1
items,1
selling,1
operation,1
twenty,1
bargains,1
justification,1
phenomena,1
afflicted,1
internationally,1
estimated,1
diagnosable,1
census,1
translates,1
burden,1
concentrated,1
disability,1
nimh,1
ú,1
article,1
'worse,1
illness',1
innocent,1
legislature,1
stamp,1
lesser,1
psychotic,1
stigmatizing,1
europe's,1
impunity,1
saddle,1
grounds,1
unemployable,1
abilities,1
crime,1
sane,1
achievement,1
harms,1
fundamental,1
assault,1
negligence,1
receiving,1
prescribing,1
antipsychotic,1
suitable,1
phaeochromocytoma,1
tumour,1
unconscious,1
coma,1
doctors,1
prescribe,1
prone,1
drops,1
temperature,1
expectant,1
medicines,1
rat,1
generate,1
billions,1
sh,1
witch,1
sensitive,1
diet,1
sausages,1
pornography,1
sensibilities,1
dsc,1
